cluster_name,label,LPERMCO,conm_clean,cluster_id
WAVERLY INC,1,4859,WAVERLY INC,10522
HEALTH EDUTECH INC,1,8455,HEALTH EDUTECH INC,41672
STAR CLASSICS INC,1,9163,STAR CLASSICS INC,4884
BANTAM BOOKS INC,1,22727,BANTAM BOOKS INC,13546
FARMERS GROUP INC,1,1710,FARMERS GROUP INC,48416
MASONITE CORP,1,22996,MASONITE CORP,50800
MCDONALDS CORP,1,21177,MCDONALDS CORP,2939
PASCO INC ,1,23478,PASCO INC,37049
PIER 1 IMPORTS INC,1,21405,PIER 1 IMPORTS INC,12827
BANK OF S CAROLINA,1,8677,BANK SOUTH CAROLINA CORP,51852
"RAYMOND, INC.",1,23475,RAYMOND INTERNATIONAL INC,3492
"SHOWBOAT, INCORP., ",1,21612,SHOWBOAT INC,18466
"HONEYWELL INTERNATIONAL, ",1,20928,HONEYWELL INC,5579
TWENTIETH CENTURY FOX FILM COR,1,22559,TWENTIETH CENTURY FOX FILM CORP,2863
JP MORGAN CHASE & CO.,1,20436,J P MORGAN CHASE & COMPANY,10158
"WALT DISNEY COMPANY, ",1,20587,DISNEY WALT COMPANY,397
CHI CORP,1,878,CHI CHIS INC,3158
PITTWAY CORP,1,21661,PITTWAY CORP DEL,8757
Borland International,1,10430,BORLAND SOFTWARE CORP,7956
"THE GAP, INC.",1,1892,GAP INC,6133
T C INC ,0,4538,T R C COMPANIES INC,857
AMERICAN CHAIR & SEATING CORP.,1,22663,AMERICAN SEATING COMPANY,44783
"T & J INTERNATIONAL INC, ",1,4463,T J INTERNATIONAL INC,23306
D.P. TECHNOLOGY CORP.,0,7941,D S P TECHNOLOGY INC,262
BONNEVILLE INTERNATIONAL CORPO,1,8421,BONNEVILLE PACIFIC CORP,1766
ING AMERICA,1,54396,ING U S INC,565
DUNHILL INT'L LIST CO,1,22681,DUNHILL INTERNATIONAL INC,53709
"TELE-COMMUNICATIONS, ",1,4388,TELE COMMUNICATIONS INC,285
SUN IT CORP.,1,21686,SUN INC,826
"TRISTAR PICTURES INC, ",1,7559,TRI STAR PICTURES INC,6936
A. V.,0,21777,A A V COMPANIES,3234
DOMINION ENTERPRISES,1,1356,DOMINION HOLDINGS INC,5459
VESCOR CORP,0,34766,VENCOR INC,42670
COLUMBIA BROADCAST,1,20354,COLUMBIA BROADCASTING SYS INC,12572
CUMMINS ENGINE CO,1,20543,CUMMINS INC,7675
PULTE HOME CORP,1,21349,PULTE CORP,13780
KLA-TENCOR,1,2551,K L A TENCOR CORP,53404
BIG THREE ENTERPRISE,1,24753,BIG THREE INDUSTRIES INC,36157
CELEBRITIES INC,0,12782,CELEBRITY ENTERTAINMENT INC,885
"A F INC, ",0,21576,A T F INC,6909
U-HAUL INTERNATIONAL,1,30020,U HAUL HOLDING COMPANY,2740
QANTEL BUSINESS SYSTEMS,1,21467,QANTEL CORP,6117
CULLINET INC,0,1195,CULLINANE CORP,2683
SUN IT CORP.,1,8021,SUN MICROSYSTEMS INC,826
"LOEWS THEATRE MGMT., ",1,21111,LOEWS THEATRES INC,14657
FED MOGUL CORP,1,20694,FEDERAL MOGUL HOLDINGS CORP,8238
"ABKCO MUSIC, INC.",1,20,A B K C O INDUSTRIES INC,4474
"ATI INDUSTRIES, INC",0,23559,AEROSOL TECHNIQUES INC,6616
"ATI INDUSTRIES, INC",1,23559,A T I INC N Y,6616
"ATI INDUSTRIES, INC",1,23559,A T I PHARMACEUTICALS INC,6616
"ATI INDUSTRIES, INC",0,23559,ARMSTRONG PHARMACEUTICALS INC,6616
ACTIVISION PUBLISHING INC,1,6060,ACTIVISION INC,184
ACTIVISION PUBLISHING INC,0,6060,MEDIAGENIC,184
ACTIVISION PUBLISHING INC,1,12499,ACTIVISION INC,184
ACTIVISION PUBLISHING INC,1,12499,ACTIVISION BLIZZARD INC,184
AIRBORNE INC,1,20031,AIRBORNE FREIGHT CORP,49825
AIRBORNE INC,1,20031,AIRBORNE INC,49825
ALCON MANUFACTURING LTD,1,25311,ALCON LABS INC,51825
AMERICAN APPRAISAL,1,199,AMERICAN APPRAISAL ASSOC INC,32146
AMDAHL CORP,1,209,AMDAHL CORP,1916
AMERICAN CYANAMID,1,20076,AMERICAN CYANAMID COMPANY,6280
AMERICAN PACIFIC,0,975,BARNETT WINSTON INVESTMENT TRUST,1998
AMERICAN PACIFIC,0,975,COMPASS INVESTMENT GROUP,1998
AMERICAN PACIFIC,1,975,AMERICAN PACIFIC CORP,1998
AMERICAN SPORTS,1,3572,AMERICAN SPORTS ADVISORS INC,52298
ANDERSON ENGINEERING,1,271,ANDERSON INDUSTRIES INC TX,2005
APPLIED DIGITAL DATA,1,63,APPLIED DIGITAL DATA SYS INC,3282
ASSOCIATED PRODUCT,1,24373,ASSOCIATED PRODUCTIONS INC,50028
"BARNES, INC.",0,20270,ASSOCIATED SPRING CORP,50069
"BARNES, INC.",1,20270,BARNES GROUP INC,50069
BOEING COMPANY,1,20315,BOEING AIRPLANE COMPANY,5780
BOEING COMPANY,1,20315,BOEING COMPANY,5780
CVD EQUIPMENT CORP,1,7721,C V D EQUIPMENT CORP,4340
"CAMCO MANUFACTURING, INC.",1,25172,CAMCO INC TX,48815
BAE SYSTEMS AIRCRAFT,0,20385,CANADIAN MARCONI COMPANY,5740
BAE SYSTEMS AIRCRAFT,1,20385,B A E SYSTEMS  INC,5740
THE CHASE MANHATTAN,1,20432,CHASE MANHATTAN BANK NY,6309
THE CHASE MANHATTAN,1,20432,CHASE MANHATTAN CORP,6309
CHEVRON USA INC.,1,20440,STANDARD OIL COMPANY CALIFORNIA,1824
CHEVRON USA INC.,1,20440,CHEVRON CORP,1824
CHEVRON USA INC.,1,20440,CHEVRONTEXACO CORP,1824
COLEMAN COMPANY,1,24364,COLEMAN INC,1046
"COLUMBIA PICTURES, ",1,22910,COLUMBIA PICTURES CORP,6340
"COLUMBIA PICTURES, ",1,22910,COLUMBIA PICTURES INDUSTRIES INC,6340
"COLUMBIA PICTURES, ",1,22910,COLUMBIA PICTURES INDUSTRIES INC DE,6340
"COLUMBIA PIC INDUST, ",1,22910,COLUMBIA PICTURES CORP,3286
"COLUMBIA PIC INDUST, ",1,22910,COLUMBIA PICTURES INDUSTRIES INC,3286
"COLUMBIA PIC INDUST, ",1,22910,COLUMBIA PICTURES INDUSTRIES INC DE,3286
COMMODORE BUSINESS MACHINES,1,24982,COMMODORE CORP,64
THE COMPUCARE COMPANY,1,6565,COMPUCARE INC,3044
COMPUGRAPHIC CORPORATION,1,25320,COMPUGRAPHIC CORP,29051
"COMSTOCK, INC.",1,7272,COMSTOCK GROUP INC,2113
CORE LABORATORIES,1,25277,CORE LABS INC,7139
CORONET CORP.,1,24461,CORONET INDUSTRIES INC,4278
"CURTIS PUBLISHING COMPANY, INC",1,22785,CURTIS PUBLISHING COMPANY,2702
"DSC COMM INC, ",0,1310,DIGITAL SWITCH CORP,18658
"DSC COMM INC, ",1,1310,D S C COMMUNICATIONS CORP,18658
"DATA PRODUCTS, INC.",1,20560,DATA PRODUCTS CORP,48712
"DATA PRODUCTS, INC.",1,20560,DATAPRODUCTS CORP,48712
"R R DONNELLEY & SONS, ",1,20594,DONNELLEY R R & SONS COMPANY,9544
EMHART INDUS INC,0,25615,AMERICAN HARDWARE CORP,1019
EMHART INDUS INC,1,25615,EMHART CORP CT,1019
EMHART INDUS INC,1,25615,EMHART CORP VA,1019
"WEATHERFORD INTERNATION, ",0,1543,ENERGY VENTURES INC,6809
"WEATHERFORD INTERNATION, ",0,1543,E V I INC,6809
"WEATHERFORD INTERNATION, ",0,1543,E V I WEATHERFORD INC,6809
"WEATHERFORD INTERNATION, ",1,1543,WEATHERFORD INTERNATIONAL INC,6809
"WEATHERFORD INTERNATION, ",1,1543,WEATHERFORD INTERNATIONAL LTD,6809
"WEATHERFORD INTERNATION, ",1,1543,WEATHERFORD INTERNATIONAL PLC,6809
FMC CORPORATION,0,20681,FOOD MACHY & CHEM CORP,12341
FMC CORPORATION,1,20681,F M C CORP,12341
"REGIONS FINANCIAL CORPO, ",1,1620,FIRST ALABAMA BANCSHARES INC,2319
"REGIONS FINANCIAL CORPO, ",1,1620,REGIONS FINANCIAL CORP,2319
FONAR CORPORATION,1,5152,FONAR CORP,4268
GENERAL DYNAMICS COR,0,20791,ELECTRIC BOAT COMPANY,5716
GENERAL DYNAMICS COR,1,20791,GENERAL DYNAMICS CORP,5716
GULFSTREAM AEROSPACE,1,25736,GULFSTREAM AEROSPACE CORP,47350
"HEALTH INFORMATION SERVICES, I",1,2152,HEALTH INFORMATION SYS INC,50623
HELIX TECHNOLOGY,0,2119,CRYOGENIC TECHNOLOGY INC,20930
HELIX TECHNOLOGY,1,2119,HELIX TECHNOLOGY CORP,20930
IL TOOL WORKS INC,1,20968,ILLINOIS TOOL WORKS INC,652
"TELIGENT, INC.",0,2293,IMMUNOGENETICS INC,5659
"TELIGENT, INC.",0,2293,I G I INC,5659
"TELIGENT, INC.",0,2293,I G I LABORATORIES INC,5659
"TELIGENT, INC.",1,2293,TELIGENT INC,5659
"KENDALL HOLDINGS, LTD.",1,23431,KENDALL COMPANY,48910
LEADER INDUSTRIES,0,23942,HALL C M LAMP COMPANY,50454
LEADER INDUSTRIES,1,23942,LEADER INTERNATIONAL INDUSTRIES INC,50454
LIBERTY PLC,1,21099,LIBERTY CORP SC,3238
LIBERTY PLC,1,6822,LIBERTY FEDERAL SVG & LN ASSN PA,3238
LIBERTY PLC,1,6822,LIBERTY FINANCIAL GROUP INC,3238
LORIMAR PROD,1,5127,LORIMAR,52304
MGM INC,0,22413,LOEWS INC,2473
MGM INC,1,22413,METRO GOLDWYN MAYER INC,2473
MGM INC,1,22413,M G M GRAND HOTELS INC,2473
"MGM RESORTS INTERNATION, ",0,22413,LOEWS INC,47904
"MGM RESORTS INTERNATION, ",1,22413,METRO GOLDWYN MAYER INC,47904
"MGM RESORTS INTERNATION, ",1,22413,M G M GRAND HOTELS INC,47904
MTI ENTERPRISES,1,6479,M T I SYSTEMS CORP,101
MATTEL INC,1,21168,MATTEL INC,2392
MAXON INDUSTRIES INC,1,2786,MAXON INDUSTRIES INC,5702
"MCNEIL GROUP, INC.",1,23518,MCNEIL MACHICE & ENGR CORP,44622
"MCNEIL GROUP, INC.",1,23518,MCNEIL CORP,44622
"CVS PHARMACY, INC.",1,21185,MELVILLE SHOE CORP,5201
"CVS PHARMACY, INC.",1,21185,MELVILLE CORP,5201
"CVS PHARMACY, INC.",1,21185,C V S CORP,5201
"CVS PHARMACY, INC.",1,21185,C V S CAREMARK CORP,5201
"CVS PHARMACY, INC.",1,21185,C V S HEALTH CORP,5201
LEARNING INTERNATION,0,6942,MICROPRO INTERNATIONAL CORP,954
LEARNING INTERNATION,0,6942,WORDSTAR INTERNATIONAL INC,954
LEARNING INTERNATION,0,6942,SOFTKEY INTERNATIONAL INC,954
LEARNING INTERNATION,1,6942,LEARNING COMPANY INC,954
"3M COMPANY, ",0,21205,MINNESOTA MINING & MFG COMPANY,52735
"3M COMPANY, ",1,21205,3M COMPANY,52735
"MOTOROLA, INC.",1,21230,MOTOROLA INC,1226
"MOTOROLA, INC.",1,21230,MOTOROLA SOLUTIONS INC,1226
"FRAGRANCENET.COM, INC., ",0,4713,UNIVERSITY REAL ESTATE TRUST,42749
"FRAGRANCENET.COM, INC., ",0,4713,NATIONAL CAPITAL MANAGEMENT CORP,42749
"NATIONAL MED. CARE, ",1,3120,NATIONAL MEDICAL CARE INC,11
NEUTROGENA CORP.,1,3188,NEUTROGENA CORP,30488
"PHILIPS NORTH AMERICA L, ",0,22449,REYNOLDS SPRING COMPANY,51516
"PHILIPS NORTH AMERICA L, ",0,22449,CONSOLIDATED ELECTRONICS INDUSTRIES CP,51516
"PHILIPS NORTH AMERICA L, ",1,22449,NORTH AMERICAN PHILIPS CORP,51516
MOVADO LLC,0,27626,NORTH AMERICAN WATCH CORP,36059
MOVADO LLC,1,27626,MOVADO GROUP INC,36059
GRUMMAN AEROSPACE,0,21303,NORTHROP AIRCRAFT INC,49132
GRUMMAN AEROSPACE,0,21303,NORTHROP CORP,49132
GRUMMAN AEROSPACE,1,21303,NORTHROP GRUMMAN CORP,49132
NORTHWEST PIPE COMPANY,1,25586,NORTHWEST PIPELINE CORP,16316
NORTHWEST PIPE COMPANY,0,25586,NORTHWEST ENERGY COMPANY,16316
"OKC PRODUCTS, INC.",1,24442,OKLAHOMA CEM COMPANY,41192
"OKC PRODUCTS, INC.",1,24442,O K C CORP,41192
OGILVY GROUP INC,1,3342,OGILVY & MATHER INTERNATIONAL INC,21298
OGILVY GROUP INC,1,3342,OGILVY GROUP INC,21298
ON-LINE SOFTWARE,1,5635,ON LINE SOFTWARE INTERNATIONAL INC,51750
"PHILIPS NORTH AMERICA L, ",1,21400,PHILIPS INDUSTRIES INC,51516
PLAYBOY ENTERPRISES,1,21419,PLAYBOY ENTERPRISES INC,4996
"THE PRESTON GROUP, LLC",1,3723,PRESTON TRUCKING INC,895
"THE PRESTON GROUP, LLC",1,3723,PRESTON CORP,895
PROCTER & GAMBLE CO,1,21446,PROCTER & GAMBLE COMPANY,10498
"MAJOR GROUP, INC.",0,3763,RADICE CORP,50384
"MAJOR GROUP, INC.",1,3763,MAJOR GROUP INC,50384
RADIANT SYSTEMS,1,3926,RADIANT TECHNOLOGY CORP,11121
"REPUBLIC, ",1,23155,REPUBLIC PICTURES CORP,3623
"REPUBLIC, ",1,23155,REPUBLIC CORP,3623
RILEY MANUFACTURING,0,25004,SCAM INSTRUMENT CORP DE,41116
RILEY MANUFACTURING,1,25004,RILEY COMPANY,41116
"RIVAL COMPANY, ",1,3857,RIVAL MANUFACTURING COMPANY,51834
ROLAND CORP U S,1,25397,ROLAND INTERNATIONAL CORP,12006
SAFEGUARD COMPUTER,1,6909,SAFEGUARD PROTECTIVE SYS INC,2577
"SHOPSMITH, INC",1,4099,SHOPSMITH INC,36556
"SNELLING AND SNELLING, INC",1,4169,SNELLING & SNELLING INC,41833
"SOFTECH WORLDWIDE, LLC",1,4187,SOFTECH INC,1819
SONY BMG MUSIC ENTERTAINMENT,1,21633,SONY CORP,176
SONY BMG MUSIC ENTERTAINMENT,1,21633,SONY GROUP CORP,176
PITTWAY CORP,1,21661,PITTWAY CORP DEL,8385
"ENESCO, LLC",0,4275,STANHOME INC,6383
"ENESCO, LLC",1,4275,ENESCO GROUP INC,6383
"STELLAR INDUSTRIES, INC.",0,24189,LOCKE STEEL CHAIN COMPANY,4825
"STELLAR INDUSTRIES, INC.",0,24189,LOCKE MANUFACTURING INC,4825
"STELLAR INDUSTRIES, INC.",1,24189,STELLAR INDUSTRIES INC DE,4825
SUNTRUST BANK,1,21691,SUNTRUST BANKS INC,5764
SUNTRUST BANK,1,4165,FIRST AT ORLANDO CORP,5764
SUNTRUST BANK,1,4165,SUN BANKS FL INC,5764
SUNTRUST BANK,1,4165,SUN BANKS INC,5764
SYSCON INC,1,5191,SYSCON CORP,48313
TCA TELEVISION CORP,1,5513,T C A CABLE TV INC,5648
"TECHNICON SYSTEMS, INC.",1,25113,TECHNICON CORP,560
TONKA CORP,1,21762,TONKA CORP,10539
TWENTIETH CENTURY FOX FILM COR,1,22559,TWENTIETH CENTURY FOX FILM CORP,5195
UNITED ARTISTS FILMS INC.,1,4624,UNITED ARTISTS THEATRE CIRCUIT,461
UNITED ARTISTS FILMS INC.,1,4624,UNITED ARTISTS COMMUNICS INC,461
UNITED ARTISTS FILMS INC.,1,10201,UNITED ARTISTS ENTRMT COMPANY,461
"VALUE LINE, INC., ",1,5974,VALUE LINE INC,46034
VELCRO USA INC,1,26272,VELCRO INDUSTRIES N V,908
ENOTES.COM LLC,0,5324,LEISURECRAFT PRODUCTS LTD,47937
ENOTES.COM LLC,0,5324,WEBCOR ELECTRONICS INC,47937
COLLINS & AIKMAN PRO,0,7404,WICKES CORP,11752
COLLINS & AIKMAN PRO,0,7404,WICKES COMPANIES INC,11752
WOLVERINE WORLD WIDE,1,21935,WOLVERINE SHOE & TANNING,16623
WOLVERINE WORLD WIDE,1,21935,WOLVERINE WORLD WIDE INC,16623
"FOOT LOCKER CORPORATE S, ",0,21936,WOOLWORTH F W COMPANY,41495
"FOOT LOCKER CORPORATE S, ",0,21936,WOOLWORTH CORP,41495
"FOOT LOCKER CORPORATE S, ",0,21936,VENATOR GROUP INC,41495
"FOOT LOCKER CORPORATE S, ",1,21936,FOOT LOCKER INC,41495
ZENITH PRODUCTS CORP,1,21950,ZENITH RADIO CORP,44537
ZENITH PRODUCTS CORP,1,21950,ZENITH ELECTRONICS CORP,44537
ZENITH PRODUCTS CORP,1,5053,ZENITH LABORATORIES INC,44537
JACK HENRY & ASSOC,1,7864,HENRY JACK & ASSOC INC,2894
DIRECTV INC,0,44708,HUGHES ELECTRONICS CORP,12686
DIRECTV INC,1,44708,DIRECTV GROUP INC,12686
DIRECTV INC,1,44708,DIRECTV,12686
DIRECTV INC,1,20799,GENERAL MOTORS CORP,12686
"JAGUAR CARS LTD, ",1,7861,JAGUAR PLC,38015
MAI SYSTEMS CORP,1,21127,M A I BASIC FOUR INC,12539
MAI SYSTEMS CORP,1,21127,M A I SYSTEMS CORP,12539
"GARTNER GROUP, INC.",1,12457,GARTNER GROUP INC,43412
"GARTNER GROUP, INC.",1,12457,GARTNER INC,43412
"GARTNER GROUP, INC.",1,8408,GARTNER GROUP INC,43412
"NEW LINE PRODUCTIONS, INC.",1,21273,NEW LINE CINEMA CORP,1248
"HANSON PLC, ",1,20878,HANSON TRUST PUB LTD COMPANY,8260
"HANSON PLC, ",1,20878,HANSON PLC,8260
"INTERSOLV, INC.",0,8828,SAGE SOFTWARE INC,37461
"INTERSOLV, INC.",0,8828,SAGE SOFTWARE INC INTERSOLV,37461
"INTERSOLV, INC.",1,8828,INTERSOLV,37461
"DRYCLEAN U.S.A.,INC.",1,8821,DRYCLEAN U S A INC,8821
VERTEX INC,1,7896,VERTEX COMMUNICATIONS CORP,2425
"DICK CLARK PROD, ",1,8877,CLARK DICK PRODTNS INC,5017
"THE TOPPS COMPANY, INC.",1,9198,TOPPS COMPANY INC,9149
XETA TECHNOLOGIES,1,9264,XETA CORP,28624
XETA TECHNOLOGIES,1,9264,XETA TECHNOLOGIES INC,28624
"TIGER DIRECT, INC.",0,9083,R T ACQUISITION CORP,6466
"TIGER DIRECT, INC.",0,9083,BLOC DEVELOPMENT TECHS INC,6466
"TIGER DIRECT, INC.",0,9083,BLOC DEVELOPMENT CORP,6466
"TIGER DIRECT, INC.",1,9083,TIGER DIRECT INC,6466
LILLIAN VERNON CORP,1,21101,LILLIAN VERNON CORP,8067
"GOLDTEX, INC.",1,9492,GOLDTEX INC,44343
PENGUIN GROUP (USA) INC.,1,9557,PENGUIN GROUP INC,4103
TELEMUNDO NETWORK,1,9439,TELEMUNDO GROUP INC,5513
"ACTION STAFFING, INC.",1,9623,ACTION STAFFING INC,40500
ENERGETIC SYSTEMS INC,1,6088,ENERGETICS INC,18773
Borland International,1,10430,BORLAND INTERNATIONAL INC,3858
Borland International,0,10430,INPRISE CORP,3858
Borland International,1,10430,BORLAND SOFTWARE CORP,3858
CONTEL OF TEXAS INC,1,9755,CONTEL CELLULAR INC,11162
MGM INC,1,9764,M G M GRAND INC,2473
MGM INC,1,9764,M G M MIRAGE,2473
MGM INC,1,9764,M G M RESORTS INTERNATIONAL,2473
"CATALINA LIGHTING IN, ",1,20407,CATALINA LIGHTING INC,3719
MERISEL INC,0,9978,SOFTSEL COMPUTER PRODUCTS INC,36824
MERISEL INC,1,9978,MERISEL INC,36824
"APPLEBEE'S INTERNATIONAL, INC.",1,28879,APPLEBEES INTERNATIONAL INC,20497
"COREL CORPORATION, ",1,29180,COREL CORP,5211
"TABLEAU SOFTWARE, INC.",1,54402,TABLEAU SOFTWARE INC,46919
"TECOGEN, INC.,",1,54873,TECOGEN INC,49039
CAMPING WORLD INC,1,55777,CAMPING WORLD HOLDINGS INC,49927
SIEMENS ENERGY,1,41380,SIEMENS A G,48093
PRO TECH INC,1,10438,PROTECH INC,50388
VIKING OFFICE PROD,1,10522,VIKING OFFICE PRODUCTS INC,36739
CMS GROUP INC,1,10590,C M S DATA CORP,46578
INTEGRAL SYSTEMS,1,10607,INTEGRAL SYSTEMS INC,6463
"XILINX, INC.",1,10634,XILINX INC,8021
ZOOMINFO TECHNOLOGIES LLC,1,57093,ZOOMINFO TECHNOLOGIES INC,48991
"STATE FINANCIAL SERVICES, LLC",1,10673,STATE FINANCIAL SERVICES CORP,24466
"MICROLYTICS, INC.",0,9504,SELECTRONICS INC,39071
LIFETIME PROD,1,29013,LIFETIME PRODUCTS INC,50194
"THE BON-TON STORES, INC.",1,11123,BON TON STORES INC,11790
INTERVISUAL BOOKS,1,11234,INTERVISUAL BOOKS INC,3319
SAMUEL GOLDWYN CO,1,29371,GOLDWYN SAMUEL COMPANY,19686
"INFOGROUP, INC., ",0,11353,AMERICAN BUSINESS INFO INC,19690
"INFOGROUP, INC., ",0,11353,INFOUSA INC,19690
"INFOGROUP, INC., ",1,11353,INFOGROUP INC,19690
"SYNOPSYS, INC.",1,11361,SYNOPSYS INC,22506
DAY RUNNER INC,1,11394,DAY RUNNER INC,52145
GALEY LORD INC,1,11496,GALEY & LORD INC,49505
FLEET MORTGAGE CORP,1,29528,FLEET MORTGAGE GROUP INC,9469
MCAFEE INC,1,11735,MCAFEE ASSOCIATES INC,1396
MCAFEE INC,0,11735,NETWORKS ASSOCIATES INC,1396
MCAFEE INC,1,11735,MCAFEE INC,1396
"TPI PLASTICS, INC.",1,55627,T P I COMPOSITES INC,2131
WALL DATA INC,1,12016,WALL DATA INC,14489
"DAVIDSON & ASSOC INC, ",1,12059,DAVIDSON & ASSOCIATES INC,3182
IRG INC,1,12135,I R G TECHS INC,4422
LENOX CORPORATION,0,29875,DEPARTMENT 56 INC,1991
LENOX CORPORATION,1,29875,LENOX GROUP INC,1991
TANDY LEATHER FACTORY INC,1,29969,LEATHER FACTORY INC,7446
TANDY LEATHER FACTORY INC,1,29969,TANDY LEATHER FACTORY INC,7446
"A PLUS, INC.",1,12373,A PLUS COMMUNICATIONS INC,49618
"A PLUS, INC.",1,12373,A PLUS NETWORK INC,49618
OROAMERICA INC,1,12425,OROAMERICA INC,20789
BROWN JORDAN INT'L,0,12437,LOEWENSTEIN FURNITURE GROUP INC,34989
BROWN JORDAN INT'L,0,12437,WINSLOEW FURNITURE INC,34989
FRIEDMAN CORPORATION,1,12476,FRIEDMANS INC,1198
COBRA SYSTEMS INC,1,29995,COBRA INDUSTRIES INC,1809
"CAMCO MANUFACTURING, INC.",1,30064,CAMCO INTERNATIONAL INC,48815
ENCAD INC,1,12698,E N C A D INC,43595
SONIC SOLUTIONS,1,12841,SONIC SOLUTIONS,12817
"DAKOTAH, INC.",1,12939,DAKOTAH INC,2755
INGERSOLL-RAND ENERG,0,13008,GARDNER DENVER MACHINERY INC,8955
INGERSOLL-RAND ENERG,0,13008,GARDNER DENVER INC,8955
INGERSOLL-RAND ENERG,0,55928,GARDNER DENVER HOLDINGS INC,8955
INGERSOLL-RAND ENERG,1,55928,INGERSOLL RAND INC,8955
"LEHMAN BROTHERS INC., ",1,21606,LEHMAN BROTHERS HOLDINGS INC,1857
"MEDIA ARTS GROUP, INC.",1,13242,MEDIA ARTS GROUP INC,1402
RSA DATA SECURITY,0,13467,SECURITY DYNAMICS TECHS INC,2416
RSA DATA SECURITY,1,13467,R S A SEC INC,2416
"TELETOUCH, INC",1,13494,TELETOUCH COMMUNICATIONS INC,39932
"TIVOLI LLC, ",1,13612,TIVOLI SYSTEMS INC,1850
"ANADIGICS, INC.",1,13687,ANADIGICS INC,34587
MAXIS INC.,1,13742,MAXIS INC,983
"FEI HOLDINGS, INC.",1,13750,F E I COMPANY,49070
"RMG, LLC",1,56637,R M G ACQUISITION CORP,6195
"RMG, LLC",1,56637,ROMEO POWER INC,6195
SCOPUS CORP,1,57657,SCOPUS BIOPHARMA INC,46723
ALCON MANUFACTURING LTD,1,42936,ALCON INC,51825
"ENVISTA, LLC, ",1,56875,ENVISTA HOLDINGS CORP,5594
"LEMONADE, INC.",1,57137,LEMONADE INC,3984
"SOS INC, ",1,55905,S O S LTD,44456
"DREAM FINDERS HOMES, LLC",1,57673,DREAM FINDERS HOMES INC,36496
"ADVENT TECHNOLOGY, INC.",0,56584,A M C I ACQUISITION CORP,429
"ADVENT TECHNOLOGY, INC.",1,56584,ADVENT TECHNOLOGIES HOLDINGS INC,429
TORO COMPANY,1,59501,TORO CORP,1999
DAVE & BUSTER'S INC,1,13801,DAVE & BUSTERS INC,46791
DAVE & BUSTER'S INC,1,55082,DAVE & BUSTERS ENTERTAINMENT INC,46791
PALM HARBOR HOMES INC,1,13889,PALM HARBOR HOMES INC,29042
SHC LLC,0,13924,VICTORMAXX TECHNOLOGIES INC,36928
AMERICAN POWER,0,14014,GREENMAN TECHNOLOGIES INC,2588
"ADEPT COMPUTER SOLUTIONS, INC.",1,14238,ADEPT TECHNOLOGY INC,4644
PNI CORPORATION,1,14388,PREFERRED NETWORKS INC,40374
KVH INDUSTRIES,1,14494,K V H INDUSTRIES INC,34578
FACTSET RESEARCH SYSTEMS INC.,1,31661,FACTSET RESEARCH SYSTEMS INC,36652
ACE TELEPHONE ASSOC,1,14898,ACE COMMUNICATIONS CORP,47659
"IMS HEALTH INC., ",0,31758,COGNIZANT CORP,4478
"IMS HEALTH INC., ",1,31758,I M S HEALTH INC,4478
"IMS HEALTH INC., ",1,54806,I M S HEALTH HOLDINGS INC,4478
CYBERMEDIA,1,15066,CYBERMEDIA INC,5239
AWARD SOFTWARE,1,15085,AWARD SOFTWARE INTERNATIONAL INC,39609
HELIOS SOFTWARE GMBH,0,15267,SUN HYDRAULICS CORP,49657
HELIOS SOFTWARE GMBH,1,15267,HELIOS TECHNOLOGIES INC,49657
BRUNSWICK CORP,1,15316,BRUNSWICK TECHNOLOGIES,17788
"ILOG, INC. AND ILOG",1,15341,ILOG S A,12199
"ARCHROCK SERVICES, LP",0,52690,EXTERRAN HOLDINGS INC,27045
"ARCHROCK SERVICES, LP",1,52690,ARCHROCK INC,27045
"ARCHROCK SERVICES, LP",0,32035,HANOVER COMPRESSOR COMPANY,27045
UNIDYNE DIR MAIL,1,15544,UNIDYNE CORP,11302
"UBICS, INC.",1,15788,UBICS INC,31379
"GAMETECH INTERNATIONAL, INC.",1,15851,GAMETECH INTERNATIONAL INC,2000
CHAPMAN CO INC,1,15990,CHAPMAN HOLDINGS INC,2267
AMCOR INDUSTRIES INC,1,29217,AMCOR LTD,31189
AMCOR INDUSTRIES INC,1,56767,AMCOR PLC,31189
"PEARSON EDUCATION, INC., ",1,39138,PEARSON PLC,2628
A C NIELSEN CO,1,53656,NIELSEN HOLDINGS N V,147
A C NIELSEN CO,1,53656,NIELSEN N V,147
A C NIELSEN CO,1,53656,NIELSEN HOLDINGS PLC,147
BAYER CORPORATION,0,40155,SCHERING A G,8158
DEARBORN FINANCIAL,1,16046,DEARBORN BANCORP INC,47411
INTERPLAY PROD,1,16166,INTERPLAY ENTERTAINMENT CORP,1380
ECHELON CORPORATION,1,16236,ECHELON CORP,50353
CONVERSION SERVICES,1,47424,CONVERSION SERVICES INTERNATIONAL INC,32767
DATALINK COMPUTER,1,16704,DATALINK CORP,1357
J. CREW INC,1,50841,J CREW GROUP INC,4904
ECOMETRY CORPORATION,0,16389,SMITH GARDNER & ASSOC INC,6975
ECOMETRY CORPORATION,1,16389,ECOMETRY CORP,6975
VIGNETTE CORPORATION,1,16418,VIGNETTE CORP,43473
INFORMATICA CORPORATION,1,16496,INFORMATICA CORP,30417
"S1, INC.",0,14653,SECURITY FIRST NETWORK BNK KY,39757
"S1, INC.",0,14653,SECURITY FIRST TECHNOLOGIES CORP,39757
"S1, INC.",1,14653,S 1 CORP,39757
"ARIBA, INC.",1,16603,ARIBA INC,37698
"ENGAGE, INC.",1,35197,ENGAGE TECHNOLOGIES INC,8025
"ENGAGE, INC.",1,35197,ENGAGE INC,8025
DRUGSTORE.COM INC,1,35196,DRUGSTORE COM INC,41445
INTERACTIVE PICTURES,1,16698,INTERACTIVE PICTURES CORP,49710
U S INTERACTIVE INC,1,16745,U S INTERACTIVE INC,2358
RED HAT INC.,1,16753,RED HAT INC,8353
TELEMATE.NET SOFT,1,17153,TELEMATE NET SOFTWARE INC,21033
"SILICON IMAGE, INC.",1,17178,SILICON IMAGE INC,39216
FINISAR CORPORATION,1,17342,FINISAR CORP,32654
CIRCLE.COM LLC,0,31745,SNYDER COMMUNICATIONS INC,48415
MOLDFLOW CORPORATION,1,18697,MOLDFLOW CORP,28054
UNICOM SYSTEMS INC,1,37661,UNICOM LTD,1227
UNICOM SYSTEMS INC,1,37661,UNICOM  LTD,1227
AVAYA INC.,1,39130,AVAYA INC,3460
LIBERTY PLC,1,45301,LIBERTY GLOBAL INC,3238
LIBERTY PLC,1,45301,LIBERTY GLOBAL PLC,3238
LIBERTY PLC,1,45301,LIBERTY GLOBAL LTD,3238
LIBERTY PLC,1,45301,LIBERTY MEDIA INTERNATIONAL INC,3238
"POWERDSINE, LTD.",1,45307,POWERDSINE LTD,38949
BUILD-A-BEAR,1,45680,BUILD A BEAR WORKSHOP INC,38413
XPEL TECHNOLOGIES CORP.,1,56838,XPEL INC,1685
WARNER BROS. RECORDS INC.,1,46685,WARNER MUSIC GROUP CORP,66
"PRESS, GANEY ASSOC",1,55258,PRESS GANEY HOLDINGS INC,35061
WSP USA CORP.,1,52912,W S P HOLDINGS LTD,4663
"AMERICAN APPAREL, INC.",0,50020,ENDEAVOR ACQUISITION CORP,1773
"AMERICAN APPAREL, INC.",1,50020,AMERICAN APPAREL INC,1773
"LIBERTY MEDIA HOLDINGS, LLC",1,41998,LIBERTY MEDIA CORP,11508
"BLIZZARD ENTERTAINMENT, INC.",0,12499,ACTIVISION INC,6394
"BLIZZARD ENTERTAINMENT, INC.",1,12499,ACTIVISION BLIZZARD INC,6394
REALPAGE INC,1,53497,REALPAGE INC,3522
"HOMEAWAY, INC.",1,53818,HOMEAWAY INC,3029
"ZYNGA GAME NETWORK, INC.",1,53965,ZYNGA INC,2447
"ANHEUSER-BUSCH, INC.",1,53204,ANHEUSER BUSCH INBEV SA NV,1458
"HOLLEY PERFORMANCE PRODUCTS, I",1,57405,HOLLEY INC,50873
FIDELITY INFORMATION CORPORATI,0,41673,CERTEGY INC,2987
FIDELITY INFORMATION CORPORATI,1,41673,FIDELITY NATIONAL INFO SERVICES INC,2987
"DIAGEO NORTH AMERICA, INC.",0,28996,GRAND METROPOLITAN PLC,46079
"DIAGEO NORTH AMERICA, INC.",1,28996,DIAGEO PLC,46079
TELLABS BROADBAND LLC,1,4467,TELLABS INC,45012
ABRO INDUSTRIES INC,0,20,A B K C O INDUSTRIES INC,47139
NORDCO INC,0,20,A B K C O INDUSTRIES INC,52572
A. S. MFG. COMPANY,0,22156,AMERICAN CAR & FDRY COMPANY,49626
A. S. MFG. COMPANY,0,22156,A C F INDUSTRIES INC,49626
AMERICAN INTERNATIONAL INDUSTR,0,145,A I T S INC,395
J A GROUP INC,0,22157,ALASKA JUNEAU GOLD MNG COMPANY,2953
J A GROUP INC,0,22157,A J INDUSTRIES INC,2953
"MGF, LLC",0,22631,AMERICAN MACH & FDRY COMPANY,52308
"MGF, LLC",0,22631,A M F INC,52308
"ACECO, INC.",0,37,ACETO CHEMICAL COMPANY INC,1388
"ACECO, INC.",0,37,ACETO CORP,1388
"ADVANCED DIAGNOSTICS, LTD.",0,78,ADVANCED SYSTEMS INC,50063
ADVANSTAR COMMC,0,420,ADVEST GROUP INC,27600
ACUCOBOL INC,0,22758,CENTRAL AGUIRRE SUGAR COMPANY,51606
ACUCOBOL INC,0,22758,AGUIRRE COMPANY,51606
THE WAY INTERNATIONAL,0,193,AMARCO RESOURCES CORP,40315
THE WAY INTERNATIONAL,0,193,BESTWAY RENT INC,40315
THE WAY INTERNATIONAL,0,193,BESTWAY INC,40315
AMERICAN BOARD OF INTERNAL MED,0,66,AMERICAN DIAGNOSTICS CORP,39571
ENVIRONMENTAL,0,7019,AMERICAN ECOLOGY CORP,1023
ENVIRONMENTAL,0,7019,U S ECOLOGY INC,1023
AMERICAN STOCK,0,23053,AMERICAN INVESTMENT COMPANY IL,307
AMERICAN STOCK,0,23053,AMERICAN INVESTMENT COMPANY,307
AMERICAN POWER,0,367,AMERICAN SECURITY CORP,2588
AMERICAN DATA,0,5828,AMERICAN SOFTWARE INC,47288
ALCATEL USA INC,0,20103,AMERICAN TELEPHONE & TELEG COMPANY,2636
ALCATEL USA INC,0,20103,A T & T CORP,2636
"AMERBUCOSYS, INC",0,216,AMGEN INC,45724
AMER SUP INST INC,0,20193,AMERICAN RLTY & PETE CORP,50469
AMER SUP INST INC,0,20193,AMREP CORP,50469
ANDIS COMPANY,0,273,ANDROS ANALYZERS,50641
ANDIS COMPANY,0,273,ANDROS INC,50641
ANDERSON ENGINEERING,0,14382,ANDERSONS INC,2005
"APPLIED MATERIALS, INC.",0,20206,APPLIED MAGNETICS CORP,13072
ARMSTRONG INTNL INC,0,20215,ARMSTRONG CORK COMPANY,50043
ARMSTRONG INTNL INC,0,20215,ARMSTRONG WORLD INDUSTRIES INC,50043
ARMSTRONG INTNL INC,0,20215,ARMSTRONG HOLDINGS INC,50043
"CLOVER ELECTRONICS USA, INC",0,20217,ARROW ELECTRONICS INC,981
AUTOMATED LOGIC CORP,0,7040,AUTOMATED MICROSYSTEMS INC,4659
"ADR HOMES BY ROTH, LLC",0,421,AVATAR HOLDINGS INC,27603
"ADR HOMES BY ROTH, LLC",0,421,A V HOMES INC,27603
BFI INC,0,5905,B F I COMMUNICATIONS SYS INC,32667
SIMPLEXGRINNELL LP,0,25661,WHITE SHIELD CORP,2103
SIMPLEXGRINNELL LP,0,25661,BASIC RESOURCES CORP NY,2103
SIMPLEXGRINNELL LP,0,25661,BASIX CORP,2103
BOOTH & ASSOCIATES,0,612,BOOTH INC,168
"SUSAN BRISTOL, INC., ",0,664,BRISTOL PRODUCTS INC,19536
"SUSAN BRISTOL, INC., ",0,664,BRISTOL CORP,19536
CBX LTD,0,20355,CONTINENTAL COPPER & STL INDUSTRIES,34112
CBX LTD,0,20355,C C X INC,34112
"LANCECO INDUSTRIES, INC.",0,25172,CAMCO INC TX,42574
DOANE AGRICULTURAL,0,53233,DOLE FOOD INC,418
DOANE AGRICULTURAL,0,20405,CASTLE & COOKE INC,418
DOANE AGRICULTURAL,0,20405,DOLE FOOD INC,418
CLOANTO CORPORATION,0,5140,CENTRAL LOUISIANA ELEC COMPANY INC,51377
CLOANTO CORPORATION,0,5140,CLECO CORP,51377
"CERTIFIED INTERNATIONAL, INC.",0,24997,CERTIFIED CORP,45194
CYBRATION INC,0,1136,CERTRON CORP,49177
NACHEM INC,0,20435,CHEMED CORP,8826
NACHEM INC,0,20435,ROTO ROOTER INC,8826
"ACRISON, INC.",0,1127,CHRONAR CORP,40709
CINTAS ACUARIO INC,0,6304,CINTAS CORP,9991
CLASSIC SYSTEMS CORP,0,6490,CLASSIC CORP,52043
COHERENT TECHNOLOG.,0,1033,COHERENT RADIATION,33395
COHERENT TECHNOLOG.,0,1033,COHERENT INC,33395
THE COUNTRY COMMI,0,964,COMDIAL CORP,43694
"COMPRO SYSTEMS, INC.",0,20492,COMPUDYNE CORP,43262
COMPUSEARCH CORPORATION,0,1144,COMPUSCAN INC,52492
COMPUSEARCH CORPORATION,0,1144,ENERCON DATA CORP,52492
COOPER POWER SYSTEMS,0,1082,FLUIDIC INDUSTRIES INC,52700
COOPER POWER SYSTEMS,0,1082,COOPER ENERGY INC,52700
COOPER POWER SYSTEMS,0,1082,COOPER RESOURCES & ENERGY INC,52700
CORE RESOURCES INC,0,25607,CORENCO CORP,6115
"NEW DAY FINANCIAL, LLC",0,25074,CREDITHRIFT FINANCIAL CORP,9304
"NEW DAY FINANCIAL, LLC",0,25074,CREDITHRIFT FINANCIAL INC,9304
DATANATIONAL CORP,0,1236,DATA ACCESS SYS INC,49708
DATALIGHT INC,0,20559,DATA GENERAL CORP,39119
"DATATECH ENTERPRISES, LLC",0,20560,DATA PRODUCTS CORP,52772
"DATATECH ENTERPRISES, LLC",0,20560,DATAPRODUCTS CORP,52772
DIGITAL VISION INC,0,1427,DATAVISION INC MI,44574
DECORO USA LTD.,0,1271,DECORATOR INDUSTRIES INC,45406
"LIFECARE TECH., INC.",0,7253,DIAGNOSTIC INC,30630
"LIFECARE TECH., INC.",0,7253,LIFECORE BIOMEDICAL INC,30630
DATALIGHT INC,0,5556,DIGITAL DATACOM INC,39119
DIGITAL DESIGN CORPORATION,0,1318,DIGITAL PRODUCTS CORP,50120
DIGITAL TECHNOLOGY,0,7693,DIGITAL TRANSMISSION INC,1648
SUPREME INTL. CORP.,0,1588,EXPLORATION SURVEYS INC,6421
SUPREME INTL. CORP.,0,1588,E S I INDUSTRIES INC,6421
SUPREME INTL. CORP.,0,1588,SUPREME INDUSTRIES INC,6421
A E G LLC,0,1604,ELIZABETHTOWN WATER COMPANY,1581
A E G LLC,0,1604,E TOWN,1581
A E G LLC,0,1604,E TOWN CORP,1581
EASTERN BUSINESS INC,0,20622,EASTERN COMPANY,52427
EMS TECHNICAL SERVICES LLC,0,1506,ELECTROMAGNETIC SCIENCES INC,46029
EMS TECHNICAL SERVICES LLC,0,1506,E M S TECHNOLOGIES INC,46029
ENG WORK SYS INC,0,3384,OIL MOP INC,35859
ENG WORK SYS INC,0,3384,ENERTECH INC,35859
PROJECT DEVELOPMENT GROUP,0,25227,C I MORTGAGE GROUP,28077
MP MEDIA LLC,0,6645,ENTERTAINMENT PUBLICATIONS INC,46651
MP MEDIA LLC,0,21975,ENTERTAINMENT PUBLISHING CORP,46651
VERATEX INC,0,25140,UNITED GAS INC,4393
VERATEX INC,0,25140,ENTEX INC,4393
DATA MANAGEMENT,0,6789,EPSILON DATA MANAGEMENT INC,803
HANCOCK MUTUAL LIFE INS,0,1777,FIRST MORTGAGE INVS,30064
HANCOCK MUTUAL LIFE INS,0,1777,F M I FINANCIAL CORP,30064
HANCOCK MUTUAL LIFE INS,0,1777,GREAT AMERICAN COMMUNICATIONS COMPANY,30064
QUAKER FABRIC,0,1622,FASHION FABRICS INC,9364
"FIRST, ",0,1668,FIRST COMMERCE CORP NEW ORLEANS,51543
FLORIDA BUSINESS,0,6306,GUARDIAN MORTGAGE INVS,45804
FLORIDA BUSINESS,0,6306,FLORIDA COMPANIES,45804
I-FLOW CORPORATION,0,5848,FLOW SYS INC,39007
I-FLOW CORPORATION,0,5848,FLOW INTERNATIONAL CORP,39007
A G H F CORPORATION,0,24441,GEOPHYSICS CORP AMERICA,2767
A G H F CORPORATION,0,24441,G C A CORP,2767
BARROW INDUSTRIES,0,23827,BLAUNERS INC,7881
BARROW INDUSTRIES,0,23827,GALE INDUSTRIES INC,7881
GENERAL SUPPLY,0,1909,GENERAL CRUDE OIL COMPANY,10422
GENERAL UNIVERSAL,0,22660,GENERAL FOODS CORP,5913
GENERAL ELECTRIC COMPANY,0,53554,GENERAL MOTORS COMPANY,1315
GENERAL ELECTRIC COMPANY,0,20799,GENERAL MOTORS CORP,1315
"PANDORA JEWELRY, LLC",0,23842,GORDON JEWELRY CORP,12677
GULF DEVELOPMENT INC,0,2060,GULF ENERGY & DEVELOPMENT CORP,47888
"USA MEDICAL, LLC",0,2065,GREATWEST HOSPITALS INC,26249
"USA MEDICAL, LLC",0,2065,HEALTHCARE USA INC,26249
STERLING ENGINEERING GROUP OF,0,11011,HALLWOOD HOLDINGS INC,23003
STERLING ENGINEERING GROUP OF,0,11011,OAKHURST CAPITAL INC,23003
STERLING ENGINEERING GROUP OF,0,11011,OAKHURST COMPANY INC,23003
STERLING ENGINEERING GROUP OF,0,11011,STERLING CONSTRUCTION COMPANY INC,23003
"PROFESSIONALS, ",0,21448,HEALTH EXTN SERVICES INC,390
"PROFESSIONALS, ",0,21448,PROFESSIONAL CARE INC,390
"PROFESSIONALS, ",0,21448,HEALTH PROFESSIONALS INC,390
HOLIDAY BUILDERS INC,0,20921,HOLIDAY INNS AMERICA INC,10910
HOLIDAY BUILDERS INC,0,20921,HOLIDAY INNS INC,10910
HOLIDAY BUILDERS INC,0,20921,HOLIDAY CORP,10910
"HOOVER'S, INC.",0,2193,HOOVER COMPANY,41411
HORIZON TEXTILES,0,25460,HORIZON CORP,12345
"HORIZON AG PRODUCTS, ",0,6221,HORIZON INDUSTRIES INC,51961
"IEM, INC.",0,2284,INDUSTRIA ELECTRICA DE MEXICO SA,31249
"IEM, INC.",0,2284,I E M S A,31249
"ITALK, LLC",0,20964,INTERNATIONAL TEL & TELEG CORP,50815
"ITALK, LLC",0,20964,I T T CORP,50815
"ITALK, LLC",0,20964,I T T INDUSTRIES INC IND,50815
"ITALK, LLC",0,20964,I T T INC,50815
REALTY INFORMATION,0,7260,INFOVIEW INC,50131
PIVOT POINT INTL INC,0,5933,INTEGRATED CIRCUITS INC,447
PIVOT POINT INTL INC,0,5933,INTERPOINT CORP WA,447
INTER RES CORP,0,2270,INTER CONTINENTAL SERVICES CORP,1781
COMPUTER SCIENCES CORPORATION,0,2396,INTERACTIVE SYSTEMS CORP,13101
INTERMED MARKETING,0,2410,INTERMEDICS INC,47144
INTER RES CORP,0,1721,FIRST INTERNATIONAL BANCSHARES INC,1781
INTER RES CORP,0,1721,INTERFIRST CORP,1781
INTERNATIONAL INSTITUTE OF TOW,0,2299,INTERNATIONAL INSTITUTE APPD TEC,45689
"HUNTER'S VIEW, LTD",0,27318,INTRAMERICAN CORP,2794
"JEWEL AMERICA, INC.",0,22369,JEWEL TEA INC,992
"JEWEL AMERICA, INC.",0,22369,JEWEL COMPANIES INC,992
N JOHNSON CORP,0,21020,JOHNSON PRODUCTS INC DE,45278
"KMS TECH, INC.",0,2557,K M S INDUSTRIES INC,36633
"KIDDE-FENWAL, INC.",0,23918,KIDDE WALTER & COMPANY INC,40290
"KIDDE-FENWAL, INC.",0,23918,KIDDE INC,40290
ALLEN KIRSCH INC,0,24995,KIRSCH COMPANY,27258
LILLY SOFTWARE ASSOC,0,2657,LILLY INDUSTRIAL COATINGS INC,491
LILLY SOFTWARE ASSOC,0,2657,LILLY INDUSTRIES INC,491
LINEAR TECHNOLOGY CORPORATION,0,6188,LINEAR CORP,43760
MBI INC,0,6792,MATHBOX,6033
MBI INC,0,6792,M B I BUSINESS CENTERS INC,6033
MAGNETIC INC,0,702,BUNNINGTON CORP,1158
MAGNETIC INC,0,702,MAGNETIC TECHNOLOGIES CORP,1158
MANHATTAN GROUP LLC,0,22401,MANHATTAN SHIRT COMPANY,12050
MANHATTAN GROUP LLC,0,22401,MANHATTAN INDUSTRIES INC,12050
HANOVER ACCESSORIES,0,21150,MANUFACTURERS HANOVER CORP,7704
INT'L. MASTERS,0,25290,MASTERS INC,3477
ENTERTAINMENT RESEARCH,0,25173,MATERIALS RESEARCH CORP,44907
MATERIAL WORLD,0,25173,MATERIALS RESEARCH CORP,8666
MIRACLE STEEL,0,5249,MCLOUTH STEEL CORP,10942
"MEDIA GROUP, INC",0,2861,MEDIA HORIZONS INC,25942
"MEDIVISUALS, INC.",0,6361,MEDIVIX INC,21625
TECHNI-GRAPHICS SVC,0,6791,MENTOR GRAPHICS CORP,17950
GOLDMAN INC,0,3030,MERCHANTS INC,6276
MERIDIAN TEXTILES INC,0,24416,ANDY GARD CORP,5786
MERIDIAN TEXTILES INC,0,24416,MERIDIAN INDUSTRIES INC,5786
STATE OF MICHIGAN,0,10066,MICHIGAN GENERAL CORP,23186
"FASTWARE, LLC",0,72,ALASKA DIVERSIFIED RES,40894
"FASTWARE, LLC",0,72,MICROFAST SOFTWARE CORP,40894
MICROMATH INC,0,2911,MICRON CORP TX,44504
"MILLER, MILLER & MAC",0,2797,MILLER BROTHERS INDUSTRIES INC,44811
"MILLER IMPORT CORP, ",0,208,AMADAC INDUSTRIES INC,47875
"MILLER IMPORT CORP, ",0,208,MILLER SHOE INDUSTRIES INC,47875
"MATRIX INTERNATIONAL TE, ",0,2962,MITRAL MED INTERNATIONAL INC,194
"MATRIX INTERNATIONAL TE, ",0,2962,MATRIX MEDICA INC,194
MONARCH CONST INC,0,6201,MONARCH INFORMATION SERVICES INC,12868
"MURPHY & COMPANY, INC.",0,24834,WHITAKER CABLE CORP,2796
"MURPHY & COMPANY, INC.",0,24834,MURPHY INDUSTRIES INC,2796
INTEREALTY CORP,0,3091,MUTUAL REAL ESTATE INVT TR,50825
INTEREALTY CORP,0,3091,INTERGROUP CORP,50825
INTERSONG-USA INC,0,3091,MUTUAL REAL ESTATE INVT TR,19878
INTERSONG-USA INC,0,3091,INTERGROUP CORP,19878
"NU IMAGE, INC.",0,3293,NATIONAL UTILITIES & INDUSTRIES CORP,567
"NU IMAGE, INC.",0,3293,N U I CORP,567
SECURE TECHNOLOGIES INTERNATIO,0,5253,NAPCO SECURITY SYSTEMS INC,2924
SECURE TECHNOLOGIES INTERNATIO,0,5253,NAPCO SECURITY TECHNOLOGIES INC,2924
"NATIONAL SYSTEMS, ",0,3276,NATIONAL TECHNICAL SERVICES INC,51080
"NATIONAL SYSTEMS, ",0,3276,NATIONAL TECHNICAL SYS,51080
"NATIONAL SYSTEMS, ",0,3276,NATIONAL TECHNICAL SYS INC,51080
NVISION GRAFIX INC,0,3279,NEW CENTURY PRODUCTION LTD,46282
NVISION GRAFIX INC,0,3279,NEW CENTURY ENTERTAINMENT CORP,46282
NVISION GRAFIX INC,0,3279,NEW VISIONS ENTERTAINMENT CORP,46282
NEWPORT MUSIC CO,0,3179,DOLE JAMES CORP,39080
NEWPORT MUSIC CO,0,3179,NEWPORT CORP,39080
"CLOSET WORKS, LLC",0,9956,SHIRT SHED INC,51588
PHARMANUTRIENTS USA,0,12150,PHARMHOUSE CORP THE,36670
NOEL STUDIO INC,0,25377,NOEL INDUSTRIES INC,35329
NORTHERN PRODUCTS,0,7163,NORTHERN DATA SYS INC,5114
STATE OF OREGON,0,3391,OREGON PORTLAND CEM COMPANY,50883
JB OXFORD & COMPANY,0,21348,OXFORD MANUFACTURING INC,45138
JB OXFORD & COMPANY,0,21348,OXFORD INDUSTRIES INC,45138
"PACESETTER HOMES, INC.",0,3710,PACESETTER BUILDING SYSTEMS INC,52546
"PACESETTER HOMES, INC.",0,3710,PACESETTER CORP NE,52546
EMSA LIMITED,0,26258,PASADENA ENERGY CORP,4246
EMSA LIMITED,0,26258,PASADENA TECHNOLOGY CORP,4246
EMSA LIMITED,0,26258,E M S SYSTEMS LTD,4246
PATHFINDER CORPORATION,0,3465,PATHFINDER PETROLEUM CORP,38742
TECH DATA SOLUTIONS,0,6169,PERFECTDATA CORP,42884
EQUITY INDUSTRIES,0,25390,PIEDMONT INDUSTRIES INC,45999
CONVERSION SERVICES,0,3733,POWER CONVERSION INC,32767
PME HOLDINGS,0,3430,PROVIDENT LIFE & ACC INSURANCE COMPANY,11609
PME HOLDINGS,0,3430,PROVIDENT LIFE & ACC INSURANCE COMPANY AMERICA,11609
PME HOLDINGS,0,3430,PROVIDENT COMPANIES INC,11609
"R R B INC, ",0,25163,R B INDUSTRIES INC,3229
"RWIP, LLC, ",0,21482,R P C ENERGY SERVICES INC,24555
"RWIP, LLC, ",0,21482,R P C INC,24555
"RESTECH INC, ",0,6404,RESTEC SYS INC,44908
PROSTAR INC,0,3833,REUTER INC,1048
PROSTAR INC,0,3833,GREEN ISLE ENVIRONMENTAL SERVICES IN,1048
SANTA FE ENT INC,0,21565,SANTA FE SOUTHN PAC CORP,28140
SANTA FE ENT INC,0,21565,SANTA FE PAC CORP,28140
SANTA FE ENT INC,0,22529,SOUTHERN PACIFIC COMPANY,28140
SEAREX INC,0,25642,SEAFIRST CORP,11190
CYPRESS SEMICON CORP,0,4044,SEMICON INC,44606
"SENTRY ELECTRIC CORP, ",0,4179,SENTRY MANUFACTURING COMPANY,2115
SIERRA DESIGN GROUP,0,25065,SIERRA PACIFIC INDUSTRIES,32977
SIMPLEXGRINNELL LP,0,24928,SIMPLEX INDUSTRIES INC,2103
GREAT SOUTHERN CO,0,21640,SOUTHERN COMPANY,35038
CASS COMMC INC,0,21641,SOUTHERN INDIANA GAS & ELEC COMPANY,54
CASS COMMC INC,0,21641,SIGCORP INC,54
SPECTRA LABORATORIES,0,6029,SPECTRAN CORP,69
SUMMER MFG CO INC,0,4311,SUMMER & COMPANY,37179
SUN IT CORP.,0,25519,SUNSTATES CORP,3224
SYMBIOSOFT CORP,0,6181,KOLFF MED INC,51991
SYMBIOSOFT CORP,0,6181,SYMBION INC,51991
"TEKTRONIX, INC.",0,4403,T E C INC,37384
"TEKTRONIX, INC.",0,4403,JONES PLUMBING SYSTEMS INC,37384
"TERRA DYNAMICS, INCORPORATED",0,4568,TERRA CHEMICALS INTERNATIONAL INC,5663
STATE OF TEXAS,0,4377,TEXAS AMERICAN RESOURCES INC,5047
PITTWAY CORP,0,24234,NATIONAL BOWL O MAT CORP,8385
PITTWAY CORP,0,24234,N B O INDUSTRIES,8385
PITTWAY CORP,0,24234,TREADWAY COMPANIES INC,8385
PACIFIC TRI MICRO,0,25612,TRICO INDUSTRIES INC,35041
TDJ INC,0,4463,TRUS JOIST CORP,52709
TDJ INC,0,4463,T J INTERNATIONAL INC,52709
UNITED COMMUNICATION,0,21793,U A L CORP,3284
UNITED COMMUNICATION,0,21793,UNITED CONTINENTAL HOLDINGS INC,3284
UNITED COMMUNICATION,0,21793,UNITED AIRLINES HOLDINGS INC,3284
UNITED COMMUNICATION,0,21793,UNITED AIR LINES INC,3284
UNITED COMMUNICATION,0,21793,U A L INC,3284
UNITED COMMUNICATION,0,21793,ALLEGIS CORP,3284
"USAR SYSTEMS, INC.",0,9665,UNITED STATES RADIUM CORP,26572
"USAR SYSTEMS, INC.",0,9665,UNITED STSTES RADIUM CORP,26572
"USAR SYSTEMS, INC.",0,9665,U S R INDUSTRIES INC,26572
UNITED PACIFIC,0,21807,UNION CORP,1215
THE PENN WARR CORP,0,4680,UNION NATIONAL BANK PITTSBGH PA,14068
THE PENN WARR CORP,0,4680,UNION NATIONAL CORP PA,14068
UNION OIL CO,0,21810,UNION PACIFIC CORP,3075
UNITED COMMUNICATION,0,21820,UNITED INDUSTRIAL CORP,3284
UNITED ST PATENT SER,0,4649,UNITED MCGILL CORP,40562
UNITED FIRST FINANCIAL,0,4673,UNITED MISSOURI BANCSHARES INC,52396
UNITED FIRST FINANCIAL,0,4673,U M B FINANCIAL CORP,52396
"UNIVERSAL DYEING AND PRINTING,",0,24514,UNITED PIECE DYE WKS,2579
FINANCIAL SOFTWARE,0,6430,UNIVERSAL MONEY CENTERS PLC,52412
FINANCIAL SOFTWARE,0,6430,FINANCIAL SYSTEMS TECHNOLOGY PLC,52412
UNIVERSAL CTY LLLP,0,4699,UNIVERSAL TELEPHONE INC,50722
"VALITEK, INC.",0,4765,VALTEK INC,24339
RUYS & COMPANY,0,4771,VAN SCHAACK & COMPANY,26425
"WARNER BROS., A DELAWARE CORPO",0,23428,WARNER COMPANY,49089
"LAMBERT CORP, ",0,21886,WARNER HUDNUT INC,578
"LAMBERT CORP, ",0,21886,WARNER LAMBERT COMPANY,578
"LAMBERT CORP, ",0,21886,WARNER LAMBERT PHARMACEUTICAL COMPANY,578
WASHINGTON AGENCY,0,25559,CAPITAL MORTGAGE INVTS,48030
"WEBB COMMUNICATIONS, INC.",0,4863,WEBB PUBLISHING COMPANY,26133
"WEBB COMMUNICATIONS, INC.",0,4863,WEBB COMPANY,26133
GOLDEN WEST MANUF,0,24390,LESSER LOUIS ENTERPRISES INC,45615
GOLDEN WEST MANUF,0,24390,WESTERN ORBIS COMPANY,45615
"ANHEUSER-BUSCH, INC.",0,21914,WEYERHAEUSER COMPANY,1458
WHITNEY CO,0,26508,WHITNEY HOLDING CORP,50397
WHITTAKER CONSTRUCT,0,21918,WHITTAKER CORP,35484
"TIMCO, INC.",0,21933,WITCO CHEMICAL INC,49257
"TIMCO, INC.",0,21933,WITCO CHEMICAL CORP,49257
"TIMCO, INC.",0,21933,WITCO CORP,49257
"JOHN WITLEY & SONS, INC.",0,21933,WITCO CHEMICAL INC,44808
"JOHN WITLEY & SONS, INC.",0,21933,WITCO CHEMICAL CORP,44808
"JOHN WITLEY & SONS, INC.",0,21933,WITCO CORP,44808
WOODWARD ENTERPRISES LLC,0,4971,WOODWARD & LOTHROP INC,50076
"SPORTS NOVELTIES, INC.",0,7391,SPORTECULAR INC,48283
"INTEPRO AMERICA, LP",0,7829,CIRCLE EXPRESS INC,32799
"INTEPRO AMERICA, LP",0,7829,INTRENET INC,32799
"COLONY HOMES, L.L.C.",0,7931,COLONIAL GROUP INC,2440
ANATESCO INC,0,20194,ANADARKO PETROLEUM CORP,948
GENERAL BUSINESS COMPUTER,0,8022,GENERAL COMPUTER CORP,3278
"HASBRO, INC.",0,8010,TYCO TOYS INC,1806
LIVING SCRIPTURES,0,7230,LIVING WELL INC,33000
"TRI-ENERGY PRODUCTIONS, INC.",0,7559,TRI STAR PICTURES INC,47849
"TRI-ENERGY PRODUCTIONS, INC.",0,7559,COLUMBIA PICTURES ENTERTAINMENT INC,47849
"A H PRODUCTION, ",0,7510,HART INDUSTRIES INC,37903
FILING & DATA SOLUT,0,8125,TECH DATA CORP,51081
PHOTOGRAPHY,0,8159,AMERICAN PASSAGE MRKTING CORP,6447
PHOTOGRAPHY,0,8159,SEATTLE FILMWORKS INC,6447
PHOTOGRAPHY,0,8159,PHOTOWORKS INC,6447
WORLD VIDEO & SUPPLY INC,0,8230,WORLDGROUP COMPANIES INC,129
GLOBAL INFORMATION,0,8230,WORLDGROUP COMPANIES INC,50854
MLTSHP INC,0,54205,M P L X L P,44677
AVEX INC,0,8395,NATIONAL VISION SERVICES INC,44134
AVEX INC,0,8395,N B S NATIONAL BENEFIT SRVCS INC,44134
AVEX INC,0,8395,AVESIS INC,44134
CEBM,0,8371,C E M CORP,1833
REAL DATA INC,0,8624,DATAREX SYSTEMS INC,867
PROSPERITY TREE INTERNATIONAL,0,8684,W T D INDUSTRIES INC,48518
PROSPERITY TREE INTERNATIONAL,0,8684,TREESOURCE INDUSTRIES INC,48518
AMERICAN INTERNATIONAL INDUSTR,0,7846,WASTE TECHNOLOGY CORP,395
X-MED MEDICAL,0,8273,MEDPHONE CORP,16567
HEARTLAND AMERICA,0,8702,HEARTLAND EXPRESS INC,5932
CRITERION MUSIC CORP,0,8701,CRITERION GROUP INC,1860
LANN COMPANY INC,0,21200,MICRON PRODUCTS INC,40023
"VISION INVST GRP, ",0,8861,VISION SCIENCES INC,47509
"J. J. T., INC.",0,20225,ATARI CORP,3
"J. J. T., INC.",0,20225,J T S CORP,3
ECOOLTHING INC.,0,8569,ENVIROSURE MANAGEMENT CORP,10914
CREDIT INTERCHG,0,20197,ANGELES FINANCIAL PARTNERS,47525
CREDIT INTERCHG,0,20197,ANGELES FINANCIAL TRUST,47525
EXCELON CORPORATION,0,8993,EXCELAN INC,29450
A/E MANAGEMENT,0,9082,A M E INC,36599
FOLIKO IMP INC,0,9243,INTERNATIONAL MICROELCS PRODUCTS IN,31397
FOLIKO IMP INC,0,9243,I M P INC,31397
"DIGITRAX ENTERTAINMENT, LLC",0,9071,GAMOGEN INC,6312
"BROADCASTING CONCEPTS, INC.",0,9313,INTERNATIONAL MICROCOMP SOFTW IN,39933
ASYMETRIX CORP,0,9257,IMMUNOTHERAPEUTICS INC,27451
ASYMETRIX CORP,0,9257,ENDOREX CORP,27451
ASYMETRIX CORP,0,9257,DOR BIOPHARMA INC,27451
ASYMETRIX CORP,0,55828,SOLIGENIX INC,27451
VIKON INTERNATIONAL INC,0,9337,VIKONICS INC,7984
ENMAX CORP,0,20617,RESOURCE ENGINEERING INC,32262
ENMAX CORP,0,20617,E N S R CORP,32262
DIGITAL VISION INC,0,9406,DIGITAL OPTRONICS CORP,44574
UNITED PACIFIC,0,9397,UNITED BUILDING SURE CORP DE,1215
"COLORHOLIC INC, ",0,9459,MULTI COLOR CORP,44605
EARWEAR INC,0,9504,SELECTRONICS INC,37441
BALLY MIDWAY CO,0,436,BALLY TOTAL FITNESS HOLDING CORP,50563
RAINBOW LIFEGUARD PROD,0,9501,RAINBOW TECHNOLOGIES INC,44746
"RECIF RESOURCES, LLC",0,26238,REPAP ENTERPRISES INC,36515
"EXCLUSIVE FINANCIAL GROUP, LTD",0,20732,FIRSTFED FINANCIAL CORP,27469
OPTIGRAPHICS CORP,0,9365,OPTEK TECHNOLOGY INC,22858
ABACUS ENG SYS INC,0,9716,VARITRONIC SYSTEMS INC,1483
WESTRN WORLDWIDE,0,9739,U S WEST NEWVECTOR GROUP INC,41892
CITICOMM INTERNATIONAL,0,9759,CIMM INC,2439
WOLVERINE WORLD WIDE,0,27423,WOLVERINE TUBE INC,16623
"SSI SPORTS INC, ",0,37662,COLLEGIATE PACIFIC INC,20029
"SSI SPORTS INC, ",0,37662,SPORT SUPPLY GROUP INC DE,20029
"SSI SPORTS INC, ",0,9790,DRUG SCREENING SYS INC,20029
NUMERIX LLC,0,57125,NUZEE INC,9844
"ODR, INC.",0,9798,OFFICE DEPOT INC,35564
"ODR, INC.",0,9798,O D P CORP,35564
WAVELINK MEDIA INC,0,9930,LARSON DAVIS INC,39790
WAVELINK MEDIA INC,0,9930,SENSAR CORP,39790
WAVELINK MEDIA INC,0,9930,VITALSTREAM HOLDINGS INC,39790
KB HOME,0,2094,HOME BENEFICIAL CORP,7857
3D LTD.,0,26127,3 D SYSTEMS INC,3121
3D LTD.,0,26127,3 D SYSTEMS CORP DEL,3121
AM GOLD PROD INC,0,20580,DICKENSON MINES LTD,42471
AM GOLD PROD INC,0,20580,GOLDCORP INC,42471
SUN QUEST HOMES,0,9967,SUNSTYLE CORP,4774
PETROLEUM FINANCE CO,0,9882,CHEMICAL FINANCIAL CORP,40470
PETROLEUM FINANCE CO,0,9882,T C F FINANCIAL CORP,40470
"MILLER, MILLER & MAC",0,3624,POE & ASSOCIATES INC,44811
"MILLER, MILLER & MAC",0,3624,POE & BROWN INC,44811
"MILLER, MILLER & MAC",0,3624,BROWN & BROWN INC,44811
SPORT TECH INC,0,10230,SPORTS TECH INTERNATIONAL INC,40766
THE IMAGE GROUP,0,10289,NEW IMAGE IND INC,49368
"IMAGELINE, INC.",0,10276,IMAGE BANK INC,1596
BANCO INC,0,9529,AMERICAN REPUBLIC BANCORP,37905
BANCO INC,0,9529,REPUBLIC BANK,37905
COMPREHENSIVE FINAN,0,7529,B M J FINANCIAL CORP,42015
FIRST INTERSTATE BANK,0,8889,FIRST FEDERAL SAVINGS BK P R SAN JU,150
FIRST INTERSTATE BANK,0,8889,FIRST FEDERAL SAVINGS BANK,150
FIRST INTERSTATE BANK,0,8889,FIRSTBANK PUERTO RICO SAN JUAN,150
FIRST INTERSTATE BANK,0,8889,FIRST BANCORP P R,150
"STATE FINANCIAL SERVICES, LLC",0,9636,FIRST STATE FINANCIAL SERVICES INC,24466
CAPITAL GROWTH PARTNERS LLC,0,8982,PAN ATLANTIC RE INC,52321
CAPITAL GROWTH PARTNERS LLC,0,8982,PAN ATLANTIC INC,52321
CAPITAL GROWTH PARTNERS LLC,0,8982,U S CAPITAL GROUP INC,52321
UNITED FIRST FINANCIAL,0,9057,UNITED SAVINGS & LN ASN GRNWD SC,52396
UNITED FIRST FINANCIAL,0,9057,UNITED FINANCIAL CORP OF SC INC,52396
VIC INTERNATIONAL MARINE SERVI,0,53771,GROWTH EQUITY INVEST LTD,34685
VIC INTERNATIONAL MARINE SERVI,0,53771,PINGTAN MARINE ENTERPRISE LTD,34685
"ANI INDUSTRIES, LLC",0,44505,BIOSANTE PHARMACEUTICALS INC,51212
"ANI INDUSTRIES, LLC",0,44505,A N I PHARMACEUTICALS INC,51212
"1ST FINANCIAL SD, LLC, ",0,11371,FIRST FINANCIAL CORP IN,2400
PREMIER 1 PRODUCTS ,0,54563,PREMIER INC,46274
GG OYUN BILISIM YAZILIM V PAZA,0,10419,G III APPAREL GROUP INC,5283
COMTRENDS INC,0,54849,TIME INC,45820
BIONEURIX CORPORATION,0,55323,BIOPHARMX CORP,43446
BIONEURIX CORPORATION,0,55323,TIMBER PHARMACEUTICALS INC,43446
ANTARES CAPITAL LP,0,55091,ANTERO MIDSTREAM PARTNERS LP,52245
QUORUM INC,0,54769,Q 2 HOLDINGS INC,1993
"2M GROUP, INC.",0,54864,K 2 M GROUP HOLIDINGS,47279
"EMPLOYEE BENEFIT SOLUTIONS, IN",0,10327,EMPLOYEE BENEFIT PLANS INC,41305
MILLER ENG LLC,0,10492,HAUSER CHEMICAL RESEARCH INC,12902
MILLER ENG LLC,0,10492,HAUSER INC COMPANY,12902
"MOMENTUM GOLF INC, ",0,10527,MOMENTUM DISTRIBUTION INC,44720
"MOMENTUM GOLF INC, ",0,10527,MOMENTUM CORP,44720
KEY FLORIDA BANK,0,10554,DE PERE FEDERAL S & L ASSN,6789
KEY FLORIDA BANK,0,10554,PRIME FEDERAL BANK FSB,6789
PROV INC,0,55029,PROQR THERAPEUTICS N V,3997
L A IDOL FASHION INC,0,10845,JIM HJELMS PRIVATE COLLECTN LTD,4263
L A IDOL FASHION INC,0,10845,J L M COUTURE INC,4263
"THE GOOD LIFE, LLC",0,10651,GOOD TIMES RESTAURANTS INC,551
HEARTLAND BUSINESS SYSTEMS LLC,0,26101,HEARTLAND PARTNERS L P,51031
OPTIMA TECHNOLOGY,0,10930,PLANTS FOR TOMORROW INC,678
OPTIMA TECHNOLOGY,0,10930,OPTIMAX INDUSTRIES INC,678
"SEAL 1, ",0,10669,WET SEAL INC,1201
"NEXAGEN USA, LLC",0,10696,VIMRX PHARMACEUTICALS INC,52600
"NEXAGEN USA, LLC",0,10696,NEXELL THERAPEUTICS INC,52600
NORTH COAST INDUSTRIES,0,10703,NORTH COAST ENERGY INC,1103
VITALSMARTS,0,10741,VITAL SIGNS INC,37051
"ENESCO, LLC",0,26113,E S C O ELECTRONICS CORP,6383
"ENESCO, LLC",0,26113,E S C O TECHNOLOGIES INC,6383
SOUTHERN CA ENG CO,0,11984,ASTRO SCIENCES CORP,46655
SOUTHERN CA ENG CO,0,11984,CHATCOM INC,46655
ENVIVO LLC,0,55240,ENVIVA PARTNERS LP,42470
ENVIVO LLC,0,55240,ENVIVA INC,42470
INSTACART,0,55259,SHOPIFY INC,28129
BODY SOLID INC,0,55314,MINDBODY INC,36848
"ENVOY  TECHNOLOGIES, INC.",0,13756,NEW ENVOY INC,2777
"ENVOY  TECHNOLOGIES, INC.",0,13756,ENVOY CORP,2777
"ENVOY  TECHNOLOGIES, INC.",0,10945,E N V O Y CORP,2777
FLEET MORTGAGE CORP,0,10994,EQUIVEST FINANCE INC,9469
ENTERPRISE TECH,0,11092,ZEBRA TECHNOLOGIES CORP,1347
MONEY POWER INC,0,29088,MONEY STORE INC,26358
BARRIS FRASER ENTERPRISES,0,11131,BARRA INC,363
ACTION INTEGRATED,0,29674,STANDARD PLATFORMS HOLDINGS PLC,14
LIBERTY PLC,0,56166,LIBERTY LATIN AMERICA LTD,3238
LIBERTY PLC,0,45301,LIBERTY GLOBAL PLC,3238
"ARGUS AND ASSOCIATES, INCORPOR",0,11233,CONCEPTRONIC INC,51249
"ARGUS AND ASSOCIATES, INCORPOR",0,11233,ARGUSS HOLDINGS INC,51249
"ARGUS AND ASSOCIATES, INCORPOR",0,11233,ARGUSS COMMUNICATIONS INC,51249
"MATRIX INTERNATIONAL TE, ",0,11315,MATRIX PHARMACEUTICAL INC,194
TELEO PT LLC,0,11340,MEADOWBROOK REHAB GROUP INC,4463
TELEO PT LLC,0,11340,CAMBIO INC,4463
"PRODUCTIVEMD, LLC",0,11382,POLYMEDICA INDUSTRIES INC,27472
"PRODUCTIVEMD, LLC",0,11382,POLYMEDICA CORP,27472
"EROS, LLC, ",0,11456,E R O INC,3072
KRYSTAL ENT INC,0,11519,KRYSTAL COMPANY,29227
ZAMIC CORPORATION,0,11521,ZAMS INC,15424
"CBT SUPPLY, INC.",0,11527,C B T CORP KY,7657
NUMANET LLC,0,29493,NUVEEN JOHN COMPANY,38695
NUMANET LLC,0,29493,NUVEEN INVESTMENTS INC,38695
CANNON ENG INC,0,11567,ARROW INTERNATIONAL INC,303
AMPRO ENERGY LP,0,11604,PRIME EQUITIES INTERNATIONAL CORP,466
AMPRO ENERGY LP,0,11604,MEDERA LIFE SCIENCE CORP,466
"EVERGREEN ENTERPRISES, INC.",0,11683,EVERGREEN INFO TECHS INC,772
RTG LLC,0,15237,INMARK ENTERPRISES INC,48057
RTG LLC,0,15237,COACTIVE MARKETING GROUP INC,48057
RTG LLC,0,15237,MKTG INC,48057
RTG LLC,0,11754,HEALTH IMAGE MEDIA INC,48057
FED MOGUL CORP,0,11763,FIRST FAMILY BANK FSB FL,3950
FED MOGUL CORP,0,11763,FIRST FAMILY FINANCIAL CORP,3950
TAYCOR FINANCIAL LLC,0,11865,SEACOR HOLDINGS INC,21112
TAYCOR FINANCIAL LLC,0,11865,SEACOR SMIT INC,21112
CENTRICS LLC,0,10831,INNOVO GROUP INC,3025
CENTRICS LLC,0,10831,JOES JEANS INC,3025
CENTRICS LLC,0,10831,DIFFERENTIAL BRANDS GROUP INC,3025
CENTRICS LLC,0,10831,CENTRIC BRANDS INC,3025
CONCENTREX INC,0,55530,CORVUS PHARMACEUTICALS INC,43305
HALLMARK BUILDING CO,0,10299,AMERICAN CREDIT OPTICAL INC,1504
HALLMARK BUILDING CO,0,10299,A C O I INC,1504
HALLMARK BUILDING CO,0,10299,HALLMARK FINANCIAL SERVICES INC,1504
"ENDOPLUS, INC.",0,30787,ENDOGEN INC,28836
EQUITY FIRST FINCL,0,12058,BANCFIRST CORP,48903
CATALYST DSGN INC,0,12124,CATALYST SEMICONDUCTOR INC,44350
GEN ELEC CO,0,12194,AMERIGON INC,12431
GEN ELEC CO,0,12194,GENTHERM INC,12431
M M P INC,0,29884,M M I COS INC,784
FF ACQUISITION CORP,0,12251,F F B S BANCORP INC,38375
EMED TECHNOLOGIES,0,12360,ELEK TEK INC,27741
"RTL OUTDOORS, LLC",0,12380,SIMMONS OUTDOOR CORP,34970
FONOVISA INC,0,12381,F F E FINANCIAL CORP,5546
ASYMETRIX CORP,0,12417,ASYST TECHNOLOGIES INC,27451
EQUITY FIRST FINCL,0,34711,B L C FINANCIAL SERVICES INC,48903
MED-PASS INCORPOR,0,12505,MRI MANAGEMENT ASSOC INC,8144
MED-PASS INCORPOR,0,12505,MEDICAL MANAGEMENT INC,8144
"LOUDMOUTH GOLF, LLC",0,12571,RENAISSANCE GOLF PRODUCTS INC,26853
LANVISION INC,0,12666,U S LAN SYSTEMS CORP,11145
MOBILE MEDICAL,0,12672,SANGSTAT MEDICAL CORP,39446
QUORUM INC,0,13109,QUORUM HEALTH GROUP INC,1993
LEGAL VIDEO SERVICE,0,12832,INTERNATIONAL POST LTD,28122
LEGAL VIDEO SERVICE,0,12832,VIDEO SERVICES CORP,28122
"CAI SOFTWARE, LLC",0,12861,C A I WIRELESS SYSTEMS INC,1036
"VINTERACTIVE, LLC",0,55837,BIOVERATIV INC,41168
"THE SCIENTIST, INC.",0,13100,FINANCING FOR SCIENCE INTERNATIONAL INC,39453
PENN'S COLONY,0,13115,PENN NATIONAL GAMING INC,28995
PENN'S COLONY,0,13115,PENN ENTERTAINMENT INC,28995
"ALIAS/WAVEFRONT, INC",0,13128,WAVEFRONT TECHNOLOGIES INC,29511
MATTHEWS & COMPANY,0,13210,MATTHEWS INTERNATIONAL CORP,4885
CXCHANGE CORP,0,13282,TARGET TECHNOLOGIES INC NY,32408
CXCHANGE CORP,0,13282,C PHONE CORP,32408
WAVECREST COMPUTING,0,13296,WAVE SYSTEMS CORP,752
MOBILE MEDICAL,0,13389,ISOLYSER INC,39446
MOBILE MEDICAL,0,13389,MICROTEK MEDICAL HOLDINGS INC,39446
TECHNI-SOFT,0,42288,TECHNIP COFLEXIP,48484
TECHNI-SOFT,0,42288,TECHNIP,48484
TECHNI-SOFT,0,55833,TECHNIPFMC PLC,48484
EAGLE COMPUTER,0,13446,ANDYNE COMPUTING LTD,10192
VERITECH CORPORATION,0,55943,VERITONE INC,45741
"EPL, INC.",0,14803,E P L TECHNOLOGIES INC,47973
DIGITAL FILING SYS,0,30866,STORAGE COMPUTER CORP,51789
TROL MATION INC,0,55995,TINTRI INC,48298
"WELLS FARGO ADVISORS, LLC",0,13667,WELLS FINANCIAL CORP,5176
NUPLA CORPORATION,0,56063,NUCANA PLC,41996
"AQUA CREATIONS USA INC., ",0,56129,AQUANTIA CORP,39227
FINISAR CORPORATION,0,56142,P P DAI GROUP INC,32654
FINISAR CORPORATION,0,56142,FINVOLUTION GROUP,32654
"AMERICAN STITCH, LLC",0,56121,STITCH FIX INC,51525
IQ ENTERPRISES INC,0,56299,IQIYI INC,52681
GARRETT CORP,0,56501,GARRETT MOTION INC,26494
"QCUE, INC.",0,56614,360 FINANCE INC,40107
"QCUE, INC.",0,56614,360 DIGITECH INC,40107
SCI ENTERTAINMENT,0,56716,SCIPLAY CORP,42904
MEDALS OF AMERICA,0,56803,MEDALLIA INC,50197
"AGORA FINANCIAL, LLC",0,57111,AGORA INC,40
CULLINET INC,0,57720,CULLINAN MANAGEMENT INC,1171
CULLINET INC,0,57720,CULLINAN ONCOLOGY INC,1171
O T H ENTERPRISES,0,58305,OATLY GROUP A B,785
"LUMETRICS, INC.",0,58497,XOMETRY INC,27090
GARRETT CORP,0,58621,WEBER INC,26494
"AB MOMENTO, ETC.",0,56956,MOMENTUS INC,46168
FATE INC,0,56956,MOMENTUS INC,8713
"IHS FINANCIAL INFO, ",0,58810,I H S HOLDING LTD,33082
SOUTHLAND HOMES CORP,0,58954,LEGATO MERGER CORP II,36810
SOUTHLAND HOMES CORP,0,58954,SOUTHLAND HOLDINGS INC,36810
FILTER SERVICES INC,0,59560,ATMUS FILTRATION TECH INC,51761
"ALPHA WOLVES, LLC, ",0,59691,ALPHA TECHNOLOGY GROUP LTD,49283
NCR CORPORATION,0,59672,N C R ATLEOS CORP,4790
Q STUDIOS CORP,0,14372,Q ZAR INC,44077
Q STUDIOS CORP,0,14372,Q ENTERTAINMENT INC,44077
GSE POWER SYSTEMS,0,13876,G S E SYSTEMS INC,26926
SOCRATES SOLUTIONS,0,13942,M V S I INC,29665
SOCRATES SOLUTIONS,0,13942,SOCRATES TECHNOLOGIES CORP,29665
"KEE-KA, INC.",0,13947,KELLSTROM INDUSTRIES INC,1184
COMPUTER SCIENCES CORPORATION,0,13962,COMPUTATIONAL SYSTEMS INC,13101
BAALS LLC,0,13736,BAAN COMPANY NV,42919
"COMPASS HOMES, INC.",0,30973,STERLING HSE CORP,40921
AVEX INC,0,14133,A M X CORP,44134
AVEX INC,0,14133,PANJA INC,44134
SECURE TECHNOLOGIES INTERNATIO,0,14149,SECURE COMPUTING CORP,2924
"PHARMACOM, ",0,14211,CARDIOVASCULAR DIAGNOSTICS INC,41879
"PHARMACOM, ",0,14211,PHARMANETICS INC,41879
VACATION INTERNATION,0,14263,VACATION BREAK USA INC,46105
CAPITAL ASSOCIATES INVESTMENTS,0,31913,COMMUNITY CAPITAL CORP,3998
EQUITY FIRST FINCL,0,14336,R A C FINANCIAL GROUP INC,48903
EQUITY FIRST FINCL,0,14336,FIRSTPLUS FINANCIAL GROUP INC,48903
J A GROUP INC,0,14438,J D A SOFTWARE GROUP INC,2953
ORANGE GLO INTERNATI,0,14474,ORANGE PLC,4992
VOCAL TECHNOLOGIES,0,14348,VOCALTEC LTD,8364
VOCAL TECHNOLOGIES,0,14348,VOCALTEC COMMUNICATIONS LTD,8364
"WEBB COMMUNICATIONS, INC.",0,14654,ONLINE SYSTEMS SERVICES INC,26133
"WEBB COMMUNICATIONS, INC.",0,14654,W E B B INTERACTIVE SERVICES INC,26133
APPLIED BUSINESS SOFTWARE INC,0,14620,GUARDIAN TECHNOLOGIES INTERNATIONAL INC,171
APPLIED THERAPEUTICS,0,14620,GUARDIAN TECHNOLOGIES INTERNATIONAL INC,46044
"PACIFIC WOOD VENTURES, LLC",0,31639,PACIFIC RESEARCH & ENGR CORP,26528
"BRIOVARX, LLC",0,14737,CARDIOVASCULAR DYNAMICS INC,32533
"BRIOVARX, LLC",0,14737,RADIANCE MEDICAL SYSTEMS INC,32533
"BRIOVARX, LLC",0,14737,ENDOLOGIX INC,32533
"GETZ PHOTOGRAPHY, ",0,15963,GETTY IMAGES INC,11108
"GETZ PHOTOGRAPHY, ",0,14790,GETTY COMMUNICATIONS PLC,11108
K TECH TELECOMMUNICATIONS INC,0,14891,TELCO COMMUNICATIONS GROUP INC,52060
MICRO INFO,0,14931,MICROVISION INC WA,3227
EURO TEC ENTERPRISES INC,0,39134,EUROTECH LTD,36144
ABACUS ENG SYS INC,0,14979,ABACUS DIRECT CORP,1483
INFOKOREA INC,0,15030,TRUSTED INFORMATION SYSTEMS INC,11572
"INTEGRATED MEDICAL, ",0,31758,COGNIZANT CORP,10686
"INTEGRATED MEDICAL, ",0,31758,I M S HEALTH INC,10686
"INTEGRATED MEDICAL, ",0,54806,I M S HEALTH HOLDINGS INC,10686
BAINULTRA INC.,0,15096,DONNELLEY ENTERPRISE SLTNS INC,43732
ENERGY INTL CORP,0,15101,OFFSHORE ENERGY DEVELOPMENT CORP,45513
NS INTL TEXTILES,0,31799,LINENS N THINGS INC,556
"WEST COAST, INC.",0,15186,WEST TELESERVICES CORP,731
"WEST COAST, INC.",0,15186,WEST CORP,731
FIRST GENESIS INC,0,31796,GENESIS ENERGY L P,278
KIELO AMER INC,0,15292,AMERUS LIFE HOLDINGS INC,34968
KIELO AMER INC,0,15292,AMERUS GROUP COMPANY,34968
INTERNATIONAL QUALIT,0,15331,QUALIX GROUP INC,48034
INTEREALTY CORP,0,16436,INTERDENT INC,50825
INTEREALTY CORP,0,15334,GENTLE DENTAL SERVICE CORP,50825
NF COMMUNICATIONS,0,15358,N A C T TELECOMMUNICATIONS INC,44245
K.I.S.S. PHARM LLC,0,15377,KOS PHARMACEUTICALS INC,32271
"NEXAGEN USA, LLC",0,15428,NEXAR TECHNOLOGIES INC,52600
ACCU-TECH INDUSTRIES,0,15432,ACCELGRAPHICS INC,50738
"BRIOVARX, LLC",0,31910,BRYLANE INC,32533
GLOBAL VISION INFORMATION TECH,0,15482,DRANSFIELD  PAPER,50667
GLOBAL VISION INFORMATION TECH,0,15482,D F  TECHNOLOGY INC,50667
"THE NAME VAULT, LLC",0,15530,SYSCOMM INTERNATIONAL CORP,6019
PEAKTOP LIMITED,0,15543,PEAK INTERNATIONAL LTD,32990
PEAK OYUN YAZILIM VE PAZARLAMA,0,15543,PEAK INTERNATIONAL LTD,17409
MEDIA PARTNERS CORPORATION,0,15609,C M P MEDIA INC,27962
PEGASUS SOFTWARE,0,15636,PEGASUS SYSTEMS INC,6376
PEGASUS SOFTWARE,0,15636,PEGASUS SOLUTIONS INC,6376
IND BELL TEL CO,0,15747,MICROCELL TELECOM INC,44009
HOMECO LLC,0,32148,HOMEUSA INC,38629
"ENCOMPASS GROUP, LLC",0,32146,GROUP MAINTENANCE AMERICA CORP,3665
"ENCOMPASS GROUP, LLC",0,32146,ENCOMPASS SERVICES CORP,3665
HLI CORP,0,32151,I R I INTERNATIONAL CORP,43114
INFCOTECTONICS,0,15849,BIOANALYTICAL SYSTEMS INC,31456
INFCOTECTONICS,0,15849,INOTIV INC,31456
INFOTEXT INC,0,15896,INFORMATION ADVANTAGE INC,39726
PROFESSIONAL INFO,0,15896,INFORMATION ADVANTAGE INC,50912
"CITIBANK, N.A.",0,16311,COLUMBIA BANCORP ORE,1332
"GREEN ENERGY SOURCE, LLC",0,53424,MILLER PETROLEUM INC,46782
"GREEN ENERGY SOURCE, LLC",0,53424,MILLER ENERGY RESOURCES INC,46782
"VISUAL COMMUNICATIONS, INC.",0,15954,VISUAL NETWORKS INC,48524
"AUTOMATION GUARDING SYSTEMS, L",0,10950,AUTOMATED SECURITY HOLDINGS,46408
"AUTOMATION GUARDING SYSTEMS, L",0,10950,AUTOMATED SECURITY HOLDINGS PLC,46408
"ICN PHARMACEUTICALS, ",0,37497,NOVARTIS A G,48189
PSC INDUSTRIAL OUT,0,34921,SAPPI LTD,1161
"ENVOY  TECHNOLOGIES, INC.",0,37711,ENVOY COMMUNICATIONS GROUP INC,2777
"ENVOY  TECHNOLOGIES, INC.",0,37711,ENVOY CAPITAL GROUP INC,2777
"ENVOY  TECHNOLOGIES, INC.",0,37711,MERUS LABS INTERNATIONAL INC,2777
"HERITAGE HOMES, LLC",0,16116,HERITAGE BANK,2772
"HERITAGE HOMES, LLC",0,16116,HERITAGE BANCORP INC VA,2772
OMEGA ACQUISITION,0,16042,OMEGA WORLDWIDE INC,51083
SHERWOOD IND INC,0,34760,SHERWOOD BRANDS INC,710
BLINK TECH CORP,0,16167,COGNIZANT TECHNOLOGY SOLS CORP,52766
W A R SYS TECH CC,0,16180,TECHNISOURCE INC,19367
ZYWAVE INC,0,37169,LUMENON INNOVATIVE LTWVE TECH IN,21283
INTERNATIONAL INSTITUTE OF TOW,0,16289,BIOSHIELD TECHNOLOGIES INC,45689
HEALTHPARTNERS INC,0,47452,WEBMD HEALTH CORP,51453
HEALTHPARTNERS INC,0,16406,HEALTHEON CORP,51453
HEALTHPARTNERS INC,0,16406,HEALTHEON WEBMD CORP,51453
HEALTHPARTNERS INC,0,16406,WEBMD CORP,51453
HEALTHPARTNERS INC,0,16406,EMDEON CORP,51453
HEALTHPARTNERS INC,0,16406,H L T H CORP,51453
FIRST GUARANTY MORTG,0,16302,FIRST NILES FINANCIAL INC,42896
APPLICATIONS DEV INC,0,16336,EXCHANGE APPLICATIONS INC,46766
HEARTLAND AMERICA,0,29920,MILWAUKEE LAND COMPANY,5932
HEARTLAND AMERICA,0,29920,HEARTLAND TECHNOLOGY INC,5932
APPLIED BUSINESS,0,16497,APPLIEDTHEORY CORP,98
L A IDOL FASHION INC,0,16540,FASHIONMALL COM INC,4263
"EDGAR, INC.",0,16550,EDGAR ONLINE INC,43740
AUDIBLE MAGIC CORPORATION,0,16654,AUDIBLE INC,12388
RAMSOFT INC,0,17129,BROADBASE SOFTWARE INC,24873
PROMOTION EXCHANGE INC,0,17143,WEBSTAKES COM INC,27172
PROMOTION EXCHANGE INC,0,17143,PROMOTIONS COM INC,27172
TICKETMASTER LLC,0,17311,TICKETS COM INC,301
MEDICODE INC,0,17505,MEDICALOGIC INC,26825
MEDICODE INC,0,17505,MEDICALOGIC MEDSCAPE INC,26825
"GLOBALINK, INC.",0,40990,GLOBALNET INC,36661
SUNTRUST BANK,0,36962,SUN LIFE FINANCIAL SERVICES CDA INC,5764
SUNTRUST BANK,0,36962,SUN LIFE FINANCIAL INC,5764
HEALTH INDUSTRY BUSINESS COMMU,0,37161,HEALTHSTREAM INC,50300
"GLOBAL 360, INC",0,37193,360NETWORKS INC,40992
"CERBERUS, L.L.C. , ",0,37706,CEPHEID,5131
AMERICAN BANKERS ASSOCIATION,0,42909,AMERICAN BANK INC,52525
VIDANGEL LLC,0,37966,VALICERT INC,2229
M L INTER CO,0,38444,METRO INTERNATIONAL S A,1475
INFODEK INCORPORATED,0,40204,INFORMAX INC,44625
AMPRO ENERGY LP,0,40142,PETRO & CHEMICAL CORP,466
"TELUSYS INC, ",0,41010,TELEFONICA MOVILES S A,37642
AMERICA 2030 CAPITAL LIMITED,0,41053,AMERICAN PHYSICIANS CAPITAL INC,34558
"CITYNET, LLC",0,44796,CITY NETWORK INC,7428
"CACI, INTERNATIONAL, ",0,43683,COSI INC,7362
"CORLINEA, LLC",0,44065,BROOKE CORP,40900
PHARMANUTRIENTS USA,0,44627,PHARMION CORP,36670
COUNCIL FOR ADV. ED.,0,53176,EDUCATION ALLIANCE INC,33433
NEWTREND GROUP,0,45310,STRATAGENE CORP,2331
UNITED COMMUNICATION,0,47441,IKANOS COMMUNICATIONS INC,3284
MP BIOMEDICALS LLC,0,45991,ADEZA BIOMEDICAL CORP,8135
HEARTLAND AMERICA,0,47186,HEARTLAND PAYMENT SYSTEMS INC,5932
NATIONBASE INC,0,45563,NATIONSHEALTH INC,33397
GARRETT CORP,0,47002,PIKE ELECTRIC CORP,26494
GARRETT CORP,0,47002,PIKE CORP,26494
MEDWORKS INC,0,53214,SELECT MEDICAL HOLDINGS CORP,36941
"SERVICE LIGHTING, INC.",0,51092,ENERGY SERVICES ACQUISITION CORP,5409
"SERVICE LIGHTING, INC.",0,51092,ENERGY SERVICES OF AMERICA CORP,5409
AMASIA INTERNATIONAL,0,51786,DEKANIA CORP,47473
GC&S CO,0,52874,ATHERSYS INC,49599
ARTS & ENTERTAINMENT,0,51972,MEDIA & ENTERTAINMENT HOLDINGS INC,5105
ADRIANA INTERNATL,0,52376,INFINERA CORP,37026
IRG INC,0,53075,INTERVAL LEISURE GROUP INC,4422
IRG INC,0,53075,I L G INC,4422
"IMAGE EXPRESS, INC",0,53406,EXPRESS INC,46311
ERICKSON PRODUCTIONS INC,0,54059,ERICKSON AIR CRANE INC,2291
ERICKSON PRODUCTIONS INC,0,54059,ERICKSON INC,2291
"ENESCO, LLC",0,377,ASPEN EXPLORATION CORP,6383
"ENESCO, LLC",0,377,ENSERVCO CORP,6383
"JAVELIN INVESTMENTS, LLC",0,54328,ATLAS FINANCIAL HOLDINGS INC,36568
AUTOMOTIVE LEASE,0,53705,AIR LEASE CORP,31599
FILMON X LLC,0,53932,GROUPON INC,598
INTERNATIONAL BANKERS FINANCIA,0,53847,I F BANCORP INC,1181
CEBM,0,53983,EPAM SYSTEMS INC,1833
BANCSERVICES GROUP,0,53897,A S B BANCORP INC,640
AMPRO ENERGY LP,0,54043,MIDSTATES PETROLEUM COMPANY INC,466
AMPRO ENERGY LP,0,54043,AMPLIFY ENERGY CORP,466
AMPRO ENERGY LP,0,53962,MEMORIAL PRODUCTION PARTNERS L P,466
CIBA-GEIGY CORP.,0,38387,CIBA SPECIALTY CHEMICALS HDG INC,48791
MICROSTRATEGY INC.,0,16638,TREND MICRO INC,4465
OCEAN MARINE LLC,0,52138,OCEAN POWER TECHNOLOGIES INC,963
"MGF, LLC",0,46276,FAVRILLE INC,52308
NAMCO LIMITED,0,54413,KAMADA LTD,45597
"MYSIMON, INC.",0,58968,MYNARIC A G,17754
RADIUS INC.,0,57461,RADIUS GLOBAL INFRASTRUCTURE INC,22210