LPERMCO,cluster_id,conm_clean,cluster_name,label
9160,322844,A & W BRANDS INC,a-w brands,1
43,101818,ACCEL INTERNATIONAL CORP,accel technologies,0
8275,177,ADAPTEC INC,adaptec,1
8746,140846,ADMAR GROUP INC,admar international,0
8476,52,ADOBE INC,adobe systems,1
8476,52,ADOBE SYSTEMS INC,adobe systems,1
55,256650,ADVANCED COMPUTER TECHNIQUES,advanced computer techniques corporation,1
14210,359065,ADVANCED LIGHTING TECHS INC,advanced lighting technologies,1
10273,283472,ADVANTAGE ENTERTAINMENT INC,advantage entertainment,1
410,211629,ADVERTISING UNLIMITED LTD,advertising unlimited,1
20044,138779,ALLEGHENY INTERNATIONAL INC,allegheny international,1
22168,97322,ALLIED CHEMICAL & DYE CORP,allied chemical corporation,1
29870,156477,ALLSTATE CORP,allstate enterprises,1
22176,0,AMERICAN BROADCASTING COS INC,american broadcasting companies,1
13001,233482,AMERICAN EAGLE OUTFITTERS INC NE,american eagle outfitters,1
56641,43210,AMERICAN RESOURCES CORP,american resources group,1
20088,139,AMERITECH CORP,ameritech advertising services,1
20191,291545,AMOCO CORP,amoco production company,1
6372,165363,AMPAD CORP,ampad corporation,1
1209,11325,ANDREWS GROUP INC,andrews consulting group,0
15347,373815,APEX INC,apex digital,1
7,61,APPLE COMPUTER INC,apple,1
7,61,APPLE INC,apple,1
13460,101736,APPLIED VOICE TECHNOLOGY INC,applied voice technology,1
6014,119561,ARMEL INC,armel enterprises,1
20222,364929,ASHLAND INC,"ashland, inc (employer for hire)",1
379,329201,ASTROSYSTEMS INC,astrosystems,1
11204,18265,ATLANTIC TELE NETWORK INC,atlantic communications group,1
55178,291767,ATLAS ENERGY GROUP LLC,atlas power company,1
10589,251349,ATRIX LABORATORIES INC,atrix laboratories,1
2452,187326,AUDIO COMMUNICATIONS NETWORK INC,audio information network,0
24895,91141,AUTOMATION INDUSTRIES INC,automation industries,1
13169,399834,AVERT INC,avert,1
10567,44980,B E AEROSPACE INC,b/e aerospace,1
11192,2296,BALLY GAMING INTERNATIONAL INC,bally gaming,1
441,128381,BARBER GREENE COMPANY,barber-greene company,1
22739,197793,BASCO INC,basco manufacturing company,1
461,75536,BAYSTATE CORP,baystate technologies,1
472,121632,BEAR CREEK CORP,bear creek company,1
22818,114310,BEATRICE FOODS COMPANY,beatrice foods company,1
484,80154,BEKINS COMPANY,the bekins company,1
20245,126974,BELL  ENTERPRISES,bell industries,1
5223,402896,BELO A H CORP,belo,1
20292,260251,BEMIS COMPANY INC,bemis company,1
57336,5607,BENTLEY SYSTEMS INC,bentley systems,1
544,161814,BERKLEY W R CORP,w r. berkley corporation,1
494,274336,BEST PRODUCTS INC,best products company,1
15720,61330,BIG DOG HOLDINGS INC,big dog holdings,1
493,31037,BIO ENERGY SYS INC,bio energy systems,1
11582,592590,BIO IMAGING TECHNOLOGIES INC,bio-imaging research,1
6438,278750,BIO TECHNOLOGY GENERAL CORP,bio-technology general corporation,1
10463,23823,BIOMECHANICS CORP OF AMERICA,the biomechanics,0
54375,583139,BLACKHAWK NETWORK HOLDINGS INC,blackhawk network,1
20310,4361,BLOUNT INTERNATIONAL INC,blount,1
638,655311,BRENCO INC,brenco solutions,1
15812,82697,BRIGHT HORIZONS FAMILY SOL INC,bright horizons family solutions,1
12055,114539,BROCK INTERNATIONAL INC,brock international,1
539,269347,BUCKHORN INC OH,buckhorn,1
13691,590523,BUCYRUS INTERNATIONAL INC,bucyrus international,1
21866,8,C B S CORP,c b s,1
21866,8,C B S CORP,c b s,1
1094,4466,C P T CORP,c p t holdings,1
727,315308,CACI INTERNATIONAL INC,caci,1
23132,295216,CADENCE INDUSTRIES CORP,cadence,0
34953,222432,CAESARS ENTERTAINMENT INC,caesars interactive entertainment,1
55777,270928,CAMPING WORLD HOLDINGS INC,camping world,1
9127,253258,CANTERBURY EDUCATIONAL SERVICES INC,canterbury educational services,1
15934,20705,CAREER EDUCATION CORP,career education corporation,1
56248,3909,CARNIVAL PLC,carnival corporation,1
46000,577729,CASCADE MICROTECH INC,cascade microtech,1
23521,292288,CECO STEEL PRODUCTS CORP,ceco industries,1
12640,571030,CELLSTAR CORP,cellstar,1
1665,230501,CENTENNIAL CORP,centennial systems,0
30380,230501,CENTENNIAL TECHNOLOGIES INC,centennial systems,0
7552,604089,CENTRAL SPRINKLER CORP,central sprinkler corporation,1
20421,301665,CENTURY TELEPHONE ENTRPRS INC,centurytel of georgia,1
22248,329823,CERTAIN TEED CORP,certain-teed corporation,1
20426,32773,CHAMPION ENTERPRISES INC,champion products,0
864,79679,CHANCE A B COMPANY,a b. chance company,1
30514,7731,CHASE INDUSTRIES INC,chase international,0
5589,174897,CHECK TECHNOLOGY CORP,check-tech software,1
23041,258692,CHEMETRON CORP,chemetron corporation,1
24913,346177,CITATION COMPANIES INC,citation group,1
5196,288050,CITIZENS FINANCIAL CORP,citizens financial group,1
5944,358597,CITZENS CABLE COMMUNICATIONS,citzens communications company,1
58700,310043,CLEARWATER ANALYTICS HOLDINGS INC,clearwater analytics,1
10256,379534,COGNEX CORP,cognex corporation (employer for hire),1
20354,387266,COLUMBIA BROADCASTING SYS INC,cmxvcii columbia broadcasting system,1
25241,258647,COMMUNITY HEALTH CORP,community health group,1
6565,28791,COMPUCARE INC,"compucare, a quadramed company",1
13959,82609,COMPUTRON SOFTWARE INC,computron software,1
1160,156264,COMSHARE INC,comshare target software,1
15625,313617,CONCENTRIC NETWORK CORP,concentric software,1
15892,61558,CONNING CORP,conning & company,1
12686,242273,CONSO INTERNATIONAL CORP,conso products company,1
1058,388651,CONTECH INC,contech construction products,1
1188,192094,CONTINUUM INC,continuum,1
1188,148065,CONTINUUM INC,continuum software,1
34849,593969,CONVERGYS CORP,convergys information management group,1
25277,311205,CORE LABS INC,corelab technologies,0
16188,140008,COSTAR GROUP INC,costar corporation,1
15242,590488,CREDIT MANAGEMENT SOLUTIONS INC,credit management solutions,1
16451,226818,CRITICAL PATH INC,critical path software corporation,1
46874,43794,D S W INC,dsw,1
6207,176962,DAIRY MART CONVENIENCE STORES,dairy mart convenience stores,1
6207,176962,DAIRY MART CONVENIENCE STORES,dairy mart convenience stores,1
11381,23089,DAMES & MOORE INC,dames & moore,1
24966,7814,DAMON CORP,damon corporation,1
10331,21941,DANDEES ENTERPRISES INC,dandee international,1
59718,230550,DDC ENTERPRISE LTD,ddc international a/s,1
9833,350027,DELL INC,"dell publishing company, inc & t. a. t. communications company",0
55676,228047,DELL TECHNOLOGIES INC,the dells,0
9424,74109,DENTSPLY SIRONA INC,dentsply international,1
6472,5219,DESIGNHOUSE INTERNATIONAL INC,designhouse,1
1261,327577,DETROIT BANK & TRUST COMPANY,detroitbank corporation,1
28996,599569,DIAGEO PLC,diageo great britain,1
20578,657528,DIAMOND SHAMROCK R & M,diamond shamrock corporation,1
1266,229932,DIGITAL COMMUNICATIONS ASSOC INC,digital communications associates,1
31612,291613,DISCO S A,disco,1
47011,310872,DISCOVERY INC,discovery software,0
20587,551302,DISNEY WALT COMPANY,the walt disney company italia sr.i.,1
20587,100280,DISNEY WALT COMPANY,walt disney music company (employer for hire),1
20587,429984,DISNEY WALT COMPANY,"walt disney pictures and television , aa.d. of walt disney company & amblin entertainment",1
20587,45923,DISNEY WALT PRODUCTIONS,walt disney company & ne thing enterprises,1
20587,170344,DISNEY WALT PRODUCTIONS,walt disney pictures & walt disney music company,1
46104,381278,DOLLAR FINANCIAL CORP,dollar financial group,1
48771,80192,DOVER SADDLERY INC,dover saddlery,1
56668,641857,DOW INC,"dow international, ll.c.",1
1367,14537,DOYLE DANE BERNBACH INTERNATIONAL INC,doyle dane bernbach,1
1443,21807,DYNATECH CORP,dyna-tech electronics,1
1443,424939,DYNATECH CORP,dynatech services,1
23781,351549,DYNCORP,dyncorp international,1
20616,102943,E G & G INC,e g & g,1
20623,402408,EASTERN ENTERPRISES,eastern company,1
53248,25741,EDUCATION MANAGEMENT CORP,education management corporation,1
1541,317422,ENGRAPH INC,engraph,1
22113,588501,ENRON OIL & GAS COMPANY,enron energy information solutions,1
52859,206513,ENTEROMEDICS INC,enteromedics,1
20659,22481,EQUIFAX INC,equifax services,1
7670,224343,EXAR CORP,exar corporation,1
16561,61796,F 5 NETWORKS INC,f5 networks,1
7069,334046,F&M IMPORTING INC,f & m supply,1
6194,292225,FANSTEEL INC DE,fansteel,1
20694,2948,FEDERAL MOGUL CORP,federal-mogul corporation,1
30422,283351,FERRELLGAS PARTNERS L P,ferrellgas,1
11611,258486,FIRST SAVINGS BANK,first savings financial,1
16370,315180,FIRST WESTERN BANK,western bank,0
13517,331711,FIRSTSERVICE CORP,first service corporation,1
14516,578613,FLANDERS CORP,flanders international,1
20744,192197,FLUKE JOHN MFG INC,john fluke manufacturing company,1
25389,102400,FORT HOWARD PAPER COMPANY,fort howard paper company,1
6331,572220,FRANKLIN TELECOMMUNICATIONS CORP,franklin communications services,1
14419,240479,FREDERICK BREWING COMPANY,frederick brewing company,1
20762,319387,FREEPORT MCMORAN INC,freeport-mcmoran information ventures,1
15824,627955,FRIENDLY ICE CREAM CORP,friendly ice cream corporation,1
925,188483,FRONTIER COMMUNICATIONS CORP,frontier communications of breezewood,1
2027,70854,G R T CORP,g r t corporation,1
6057,314948,GAMBRO A B,gambro,1
14449,323892,GATEWAY DATA SCIENCES CORP,gateway data sciences corporation,1
12646,228043,GATEWAY INC,gateways,0
3130,286083,GENERAL CERAMICS INC,general ceramics,1
20798,1960,GENERAL MILLS INC,general mills,1
53554,168,GENERAL MOTORS COMPANY,general motors corporation,1
20799,168,GENERAL MOTORS CORP,general motors corporation,1
20799,168,GENERAL MOTORS CORP,general motors corporation,1
20799,17045,GENERAL MOTORS CORP,"general motors corporation, buick-oldsmobile-cadillac group",1
41158,229255,GENEVA STEEL HOLDINGS CORP,geneva steel,1
9892,182088,GENLYTE GROUP INC,genlyte group,1
20814,12466,GIANT FOOD INC,giant food stores,1
1973,139216,GLAXO WELLCOME PLC,glaxo wellcome puerto rico,1
52522,588767,GLOBALSCAPE INC,globalscape texas,1
24732,236207,GRANGER ASSOCIATES,granger associates,1
12316,309147,GREENFIELD INDUSTRIES INC,greenfield enterprises,1
2085,573300,HARPER GROUP INC,the harper group,1
12794,224521,HARRIS FINANICAL INC,harris investment management,1
12212,15930,HARVEY COMICS ENTERTAINMENT INC,"harvey comics, inc (employer for hire)",1
23091,310164,HAYES INDUSTRIES INC,hayes tools,1
10610,593746,HEALTHTEK INC,healthtek software solutions,1
20906,1861,HERSHEY FOODS CORP,the hershey company,1
20925,142631,HOME SHOPPING NETWORK INC,home shopping network,1
23214,123110,HOOKER CHEMICAL CORP,hooker chemicals & plastics corporation,1
2235,5345,HURCO MANUFACTURING INC,hurco manufacturing company,1
34632,314681,HUSSMANN INTERNATIONAL INC,hussmann corporation,1
25422,572783,HUTTON E F & COMPANY,e f. hutton & company,1
57743,591622,HYPERFINE INC,hyperfine sofware corporation,1
23895,328027,I N A CORP,i n a international corporation,1
38429,646195,IASIAWORKS INC,iasiaworks,1
20967,226330,ILLINOVA CORP,illinova corporation,1
54331,232952,IMPRIMIS PHARMACEUTICALS INC,imprimis pharmaceuticals,1
8680,318551,INFERGENE COMPANY,infergen,0
20983,368923,INTEGRATED RESOURCES INC,integrated resources,1
6704,32758,INTELLICORP INC,intellicorp,1
54224,238293,INTERCEPT PHARMACEUTICALS INC,intercept pharmaceuticals,1
8154,351416,INTERFUND CORP,interfund,1
13168,10373,INTERIORS INC,interiors,1
20988,270141,INTERLAKE INC,interlake,1
20990,328978,INTERNATIONAL BUSINESS MACHINES CORPORATION,abr business machines corporation,0
20990,591185,INTERNATIONAL BUSINESS MACHINES CORPORATION,intemational business machines corporation accepted altemative designation : international business machines corporation,1
20990,12062,INTERNATIONAL BUSINESS MACHINES CORPORATION,"international business mac[h]ines corporation, aa.d.: international business machines corporation",1
20990,336194,INTERNATIONAL BUSINESS MACHINES CORPORATION,international business machines center for the business of government,1
20990,2,INTERNATIONAL BUSINESS MACHINES CORPORATION,international business machines corporation,1
20990,405108,INTERNATIONAL BUSINESS MACHINES CORPORATION,international business machines corporation (international business machines corporation) & ramcor,1
20990,153900,INTERNATIONAL BUSINESS MACHINES CORPORATION,international business machines corporation & hogan systems,1
20990,230594,INTERNATIONAL BUSINESS MACHINES CORPORATION,international business machines corporation & interactive systems corporation,1
20990,141794,INTERNATIONAL BUSINESS MACHINES CORPORATION,international business machines corporation & silvar-lisco,1
20990,408671,INTERNATIONAL BUSINESS MACHINES CORPORATION,international business machines corporation & technical education research centers,1
20990,426846,INTERNATIONAL BUSINESS MACHINES CORPORATION,international business machines corporation aa.d.: ibc corporation,1
20990,13041,INTERNATIONAL BUSINESS MACHINES CORPORATION,international business machines corporation software & publications center,1
20990,232695,INTERNATIONAL BUSINESS MACHINES CORPORATION,international business machines corporation- france,1
20990,427107,INTERNATIONAL BUSINESS MACHINES CORPORATION,"international business machines corporation, aa.d.: acibm corporation",1
20990,340573,INTERNATIONAL BUSINESS MACHINES CORPORATION,international business machines r & d labs,1
9595,89587,INTERNATIONAL ELECTRONICS INC,international electronics,1
29477,115334,INTERNATIONAL FAMILY ENTERTAINMENT INC,"international family entertainment, inc, d.b.a. family productions",1
9313,186982,INTERNATIONAL MICROCOMP SOFTW IN,international microcomputer software,1
6699,198756,INTERNATIONAL TECHNOLOGY CORP,international technology group,1
16021,10042,INTERNET SECURITY SYSTEMS INC,internet security systems,1
15091,167914,JAVELIN SYSTEMS INC,javelin software corporation,1
20686,4055,JO ANN STORES INC,jo-ann stores,1
21023,270261,JONES INTERCABLE INVS LP,jones intercable,1
10830,13883,JORDAN AMERICAN HOLDINGS INC,the jordan companies,1
21028,15207,K MART CORP,k mart corporation,1
21042,72443,KELLWOOD COMPANY,kellwood company,1
21053,335334,KEYSTONE STEEL & WIRE COMPANY,"keystone consolidated industries, inc d/b/a keystone steel & wire.",1
43522,3520,KONAMI CORP,konami,1
23123,274458,KOPPERS COMPANY,koppers company,1
9361,149618,LABONE INC,labone,1
9895,74497,LANDMARK TECHNOLOGY CORP,landmark systems corporation,1
14535,201374,LANVISION SYSTEMS INC,lanvision,1
21084,398112,LASER INDUSTRIES LTD,laser products industries,0
8364,185490,LEGUME INC,legume technologies,1
21606,7406,LEHMAN BROTHERS HOLDINGS INC,lehman brothers,1
5324,509277,LEISURECRAFT PRODUCTS LTD,leisurecraft products,1
23947,158,LIBERTY FABRICS NY INC,liberty fabrics,1
41998,224,LIBERTY MEDIA CORP,liberty media holdings,1
54311,224,LIBERTY MEDIA CORP 3RD,liberty media holdings,1
11502,119,LIDA INC,lida,1
57264,201517,LION GROUP HOLDING LTD,lion holdings,1
2642,82009,LITTLEFIELD ADAMS & COMPANY,"littlefield, adams & company",1
4528,2615,LORIMAR TELEPICTURES CORP,lorimar-telepictures productions,1
21122,245593,LOUISVILLE GAS & ELEC COMPANY,louisville gas and electric company,1
21140,141711,M C O HOLDINGS INC,mco global,1
22856,25555,MACYS INC,macys,1
5805,204136,MAMMATECH CORP,the mammatech corporation,1
29093,579119,MARINE HARVEST INTERNATIONAL INC,marine harvest,1
11177,306798,MARQUETTE ELECTRONICS INC,marquette electronics,1
21160,300621,MARTIN MARIETTA CORP,martin marietta corporation,1
50700,14289,MASTERCARD INC,mastercard international,1
9698,107165,MAXIM INTEGRATED PRODUCTS INC,maxim integrated products,1
27625,93583,MEDCO GROUP INC,medco health solutions,1
8969,61959,MEDIA PRODUCTS INC,media products,1
47206,401518,MEDICAL TECHNOLOGIES INC,medical device technologies,0
40207,589296,MEDICHEM LIFE SCIENCES,medichem research,1
2868,34658,MEGATECH CORP,megatech international,1
3079,345700,MERCANTILE BANCORPORATION INC,mercantile bancorporation,1
35205,345700,MERCANTILE BANK CORP,mercantile bancorporation,1
15932,306847,MERGE TECHNOLOGIES INC,merge corporation,0
8128,14870,MERRILL CORP,merrill lynch asset management,0
22413,4721,METRO GOLDWYN MAYER INC,metro-goldwyn-mayer global holdings,1
10311,25239,MICRON ELECTRONICS INC,micron systems corporation,1
7065,255902,MICRON TECHNOLOGY INC,micron instrument corporation,1
31768,75329,MIDWAY GAMES INC,midway amusement games,1
5590,36566,MIDWESTERN COMPANIES,midwestern corporation,1
15244,4351,MILLBROOK PRESS INC,millbrook press,1
3033,193006,MIRACLE RECREATION EQUIP COMPANY,miracle recreation equipment company,1
2988,583575,MOGUL CORP,mogul enterprises,1
2992,307659,MONARCH CAPITAL CORP,monarch group,1
2945,316941,MONITOR TECHNOLOGIES INC,monitor labs,0
40148,325499,MONSANTO COMPANY,monsanto enviro-chem systems,1
20610,7396,MOODYS CORP,moodys investors service,1
5331,183591,MORRISON KNUDSEN CORP,morrison-knudsen company,1
9199,125035,MOTION CONTROL TECHNOLOGY INC,motion control systems,1
16530,304080,MULTI LINK TELECOMMUNICATIONS IN,multi-link communications products,1
21238,30990,MYERS L E COMPANY GROUP,the myers corporation,1
3104,299016,MYLAN N V,mylan,1
5235,644745,MYND CORP,mynd corporation,1
11101,13708,N T N COMMUNICATIONS INC,ntn communications,1
25707,18773,NABISCO BRANDS INC,nabisco brands,1
5980,492760,NASH FINCH COMPANY,nash-finch company,1
3156,289126,NATIONAL C S S INC,national c s s,1
9848,329812,NATIONAL HEALTH LABS HOLDINGS INC,national health laboratories,1
31769,420461,NATIONAL OILWELL INC,national oilwell varco,1
3276,362435,NATIONAL TECHNICAL SYS,national technical systems,1
9476,148537,NATURAL ALTERNATIVES INTERNATIONAL INC,natural alternatives international,1
43145,348155,NETFLIX INC,neflix,1
43145,614703,NETFLIX INC,netflix cpx,1
43145,554624,NETFLIX INC,netflix independent,1
43145,131271,NETFLIX INC,"netflix studios, llc attn: legal department",1
43145,96,NETFLIX INC,netflix worldwide entertainment,1
45427,126493,NETLOGIC MICROSYSTEMS INC,netlogic,1
13918,14201,NETSCAPE COMMUNICATIONS CORP,netscape communications corporation,1
24715,14674,NEW HAMPSHIRE BALL BEARINGS INC,new hampshire ball bearings,1
45696,44634,NEW YORK & COMPANY INC,nyc & company,1
31851,14106,NEWPORT NEWS SHIPBUILDING INC,newport news shipbuilding and dry dock company,1
5917,23129,NOVO INDUSTRIAL CORP,novo industries,1
3234,130565,NOXELL CORP,noxell corporation,1
3286,337411,NU MED INC,numed corporation,1
9247,36333,NUCORP INC DE,nucorp,1
12901,318299,NUMEREX CORP NY,numerex,1
16382,369669,NVIDIA CORP,nvidia corporation (employer for hire),1
21316,99,NYNEX CORP,nynex information resources company,1
382,127252,OMNI EQUITIES INC,omni brokerage,1
50866,14751,OMNITURE INC,omniture,1
37949,218508,OMNIVISION TECHNOLOGIES INC,omnivision films,0
8979,555595,ONCOR INC,oncor corporation,1
50294,6783,ORCHARD ENTERPRISES INC,orchard enterprises ny,1
13890,102619,ORION NETWORK SYSTEMS INC,orion communications,1
7387,263616,P D A ENGINEERING,p d a engineering,1
3461,19312,PACESETTER INDUSTRIES INC,pacesetter systems,1
7908,85151,PACIFIC NUCLEAR SYS INC,pacific nuclear systems,1
4527,603147,PACIFIC TELECOM INC,pacific communications,1
23511,11025,PACKAGING CORP AMERICA,packaging corporation of america,1
21362,247796,PANHANDLE EASTERN PIPE LINE COMPANY,panhandle eastern pipe line company,1
21866,511627,PARAMOUNT GLOBAL,on artwork paramount pictures corporation,1
21866,647462,PARAMOUNT GLOBAL,on photos: paramount pictures corporation,1
21866,625828,PARAMOUNT GLOBAL,paramount allegra,1
21866,366177,PARAMOUNT GLOBAL,paramount electronic corporation,1
21866,71546,PARAMOUNT GLOBAL,paramount farms international,1
21866,665105,PARAMOUNT GLOBAL,paramount games,1
21866,297978,PARAMOUNT GLOBAL,paramount leisure industries,1
21866,14200,PARAMOUNT GLOBAL,paramount licensing,1
21866,216038,PARAMOUNT GLOBAL,paramount lifestyle,1
21866,4885,PARAMOUNT GLOBAL,paramount music corporation,1
21866,17,PARAMOUNT GLOBAL,paramount pictures corporation,1
21866,17,PARAMOUNT GLOBAL,paramount pictures corporation,1
21866,135,PARAMOUNT GLOBAL,paramount pictures corporation (employer for hire),1
21866,135,PARAMOUNT GLOBAL,paramount pictures corporation (employer for hire),1
21866,135,PARAMOUNT GLOBAL,paramount pictures corporation (employer for hire),1
21866,55677,PARAMOUNT GLOBAL,paramount picures corporation,1
21866,579002,PARAMOUNT GLOBAL,paramount studios & mirage editions,1
21866,192318,PARAMOUNT GLOBAL,paramount telecom,1
21866,17721,PARAMOUNT GLOBAL,paramount television,1
5702,291642,PATIENT TECHNOLOGY INC,patient technology,1
34793,646785,PENDARIES PETROLEUM LTD,pendaries petroleum,1
21384,70301,PEPSI COLA COMPANY,pepsico,1
3598,316598,PETROLITE CORP,"petrolite corporation, petreco division",1
3545,8282,PHILIPS N V,philips north america,1
21401,65877,PHILLIPS PETROLEUM COMPANY,phillips petroleum company,1
11219,229754,PHYSICIAN COMPUTER NETWORK INC,physician computer network,1
14209,179982,PHYSIO CONTROL INTERNATIONAL CORP,physio-control corporation,1
21405,16232,PIER 1 IMPORTS INC GA,pier 1 imports (us),1
16388,37789,PINNACLE GLOBAL GROUP INC,the pinnacle group,1
13735,509545,PIONEER COMPANIES INC,"pioneer industries, division of c o r e industries",1
21425,33017,POLARIS INDUSTRIES PARTNERS L P,polaris industries,1
7637,37276,PREMIER FINANCIAL SERVICES INC,premier financial services,1
3542,513969,PRESIDENTS 1ST LADY SPA INC,first lady spas,1
15240,22115,PROCOM TECHNOLOGY INC,procom software,1
3498,177280,PROCOR INC,procor technologies,1
9225,317346,PROFFITTS INC,proffitt & associates,1
20397,406042,PROGRESS ENERGY INC,progress energy,1
20390,368690,PROVIDIAN CORP,providian corporation,1
20390,368690,PROVIDIAN CORP,providian corporation,1
12332,106180,PROXYMED INC,proxymed,1
8807,393694,PULITZER PUBLISHING COMPANY,pulitzer newspapers,1
54195,224261,QUALYS INC,qualys,1
48800,408898,QUEST CAPITAL CORP,quest capital strategies,1
15545,817,QWEST COMMUNICATIONS INTERNATIONAL INC,qwest dex,1
15338,111211,RADIANT SYSTEMS INC,radiant systems,1
45308,590998,RADIATION THERAPY SERVICES INC,radiation therapy services,1
38455,322602,RADVIEW SOFTWARE LTD,radview software,1
3840,338460,REGAL REXNORD CORP,rexnord,1
14810,203961,REMEDYTEMP INC,remedytemp,1
7066,5,REUTERS GROUP PLC,thomson reuters global resources,1
7066,5,REUTERS HOLDING PLC,thomson reuters global resources,1
24899,37105,RICHARDSON COMPANY,richardson enterprises,1
3857,159607,RIVAL MANUFACTURING COMPANY,rival company,1
21524,210872,ROCKWELL INTERNATIONAL CORP,rockwell trust,1
21526,26072,ROGERS CORP,rogers enterprises,1
21530,404514,ROLLINS INC,rollins,1
24122,233643,ROLLS ROYCE LTD,rolls-royce corporation,1
37186,664712,SABA SOFTWARE INC,saba software,1
17335,1376,SAGE INC,sage software,1
12392,321208,SANCTUARY WOODS MULTIMEDIA CORP,"sanctuary woods multimedia, inc (employer for hire)",1
21562,3368,SANDY CORP,sandy usa,1
7683,14418,SANFORD CORP IL,sanford,1
14068,179098,SCANVEC COMPANY LTD,scanvec amiable,1
25073,242897,SCHOOL PICTURES INC,school pictures,1
50616,33513,SEALY CORP,sealy international company,1
55065,123970,SEARS  INC,sears brands,1
8159,368947,SEATTLE FILMWORKS INC,"seattle filmworks, inc (employer for hire)",1
31531,13133,SEDGWICK GROUP PLC,sedgwick,1
5026,73731,SEEBURG INDUSTRIES INC,seeburg corporation,1
31716,265123,SELFCARE INC,selfcare industries,1
31930,37234,SENTRY TECHNOLOGY CORP,sentry systems,1
4147,45861,SERVICEMASTER COMPANY,servicemaster residential commercial services limited partnership,1
54920,45861,SERVICEMASTER GLOBAL HOLDINGS IN,servicemaster residential commercial services limited partnership,1
21606,603251,SHEARSON LEHMAN HUTTON HOLDINGS INC,"shearson, lehman, hutton",1
40213,9502,SHENANDOAH TELECOM COMPANY,shenandoah telephone company,1
55992,654226,SHIFTPIXY INC,shiftpixy,1
16621,639041,SHOWCASE CORP,showcase specialties,0
55866,31035,SIGMA LABS INC,sigma sciences,1
4130,37128,SILICON SYSTEMS INC,silicon integrated systems corporation,1
14472,154126,SILVER DINER DEVELOPMENT INC,silver diner development,1
25551,78,SIMON & SCHUSTER INC,simon & schuster,1
13114,30579,SIMPSON MANUFACTURING COMPANY INC,simpson manufacturing company,1
21622,241827,SKOLNIKS INC,skolnik industries,0
20058,31413,SKYWORKS SOLUTIONS INC,skyworks technologies,1
45702,558899,SMARTPROS LTD,smartpros,1
13978,225439,SMITH MICRO SOFTWARE INC,smith micro software,1
4169,319762,SNELLING & SNELLING INC,snelling & snelling of charlotte,1
4169,68788,SNELLING & SNELLING INC,snelling and snelling,1
3965,24618,SOFTWARE AG INTERNATIONAL INC,"software, ag",1
15819,649307,SONTRA MEDICAL CORP,sontra medical corporation,1
14043,570485,SONUS PHARMACEUTICALS INC,sonus pharmaceuticals,1
21633,160232,SONY CORP,a sony classical,1
21633,1340,SONY CORP,a sony discos,1
21633,2455,SONY CORP,sony computer entertainment,1
21633,5863,SONY CORP,sony computer entertainment europe,1
21633,34669,SONY CORP,sony computer entertanment america,1
21633,17278,SONY CORP,sony corporation,1
21633,556223,SONY CORP,sony creative products,1
21633,611446,SONY CORP,sony entertainment (uk),1
21633,337837,SONY CORP,sony interactive entertainmnet america,1
21633,179318,SONY CORP,sony latin america,1
21633,156308,SONY CORP,sony mobile communications,1
21633,22,SONY CORP,sony music entertainment,1
21633,20115,SONY CORP,sony music entertainment (japan),1
21633,43530,SONY CORP,sony pictures,1
21633,160706,SONY CORP,sony pictures consumer products,1
21633,78956,SONY CORP,sony pictures entertainment (japan),1
21633,14686,SONY CORP,sony pictures home entertainment,1
21633,595695,SONY CORP,sony pictures imageworks,1
21633,59324,SONY CORP,sony pictures networks india private limited,1
21633,230093,SONY CORP,sony pictures releasing international corporation,1
21633,101,SONY CORP,sony pictures television,1
21633,623663,SONY CORP,sony sounds,1
21633,99475,SONY CORP,sony technology center,1
21633,165447,SONY CORP,sony tree,1
21633,14305,SONY CORP,sony tunes,1
21633,135408,SONY CORP,sony video software company,1
21633,213789,SONY CORP,sony/atunes,1
9224,587864,SORRENTO NETWORKS CORP,sorrento networks,1
14359,405133,SOURCE COMPANY,source/inc,1
7678,254963,SOUTHWEST NATIONAL CORP PA,southwest national bank of pennsylvania,1
21645,75,SOUTHWESTERN BELL CORP,southwestern bell telephone company,1
4338,45149,SOUTHWESTERN ENERGY COMPANY,southwestern petroluem corporation,1
31776,2586,SPATIAL TECHNOLOGY INC,spatial corporation,1
11135,75977,SPECTRUM HOLOBYTE INC,spectrum holobyte,1
12992,328342,SPORTS SCIENCES INC,sports sciences,1
29795,8689,ST JOHN KNITS INC,st john knits,1
23070,398544,STANDARD OIL COMPANY OH,standard oil of connecticut,1
21659,33205,STANDARD PACIFIC CORP,standard pacific,1
12299,5515,STANT CORP,stant,1
6135,45132,STARCOM INC,starcom enterprises,1
8180,30621,STERLING INC,sterling & company,1
6185,583361,STIFEL FINANCIAL CORP,stifel financial,1
45310,1259,STRATAGENE CORP,stratagene,1
12625,111060,SUCCESSORIES INC,"successories, inc (employer for hire)",1
24826,331639,SUSQUEHANNA CORP,susquehanna s p c a,1
22944,268845,SWIFT & COMPANY,swift & company,1
4043,312980,SYSTEMS ENGINEERING & MFG CORP,systems engineering and manufacturing corporation,1
52120,594207,T MOBILE U S INC,t-mobile usa,1
29018,659234,T P C CORP,tpc ip holder,1
4386,137829,TECHAMERICA GROUP INC,techamerica,1
50848,243297,TECK COMINCO LTD,teck cominco,1
54873,29770,TECOGEN INC,tecogen,1
36380,44349,TELEDYNE TECHNOLOGIES,teledyne mckay,1
4528,605117,TELEPICTURES CORP,telepictures corporation (employer for hire),1
57580,89847,TELOS CORP,telos software products,1
6644,229648,TEMCO NATIONAL CORP,temco,1
21729,123648,TENNECO INC,tenneco,1
4504,93843,TENNECO OFFSHORE,tenneco oil company,1
4568,183114,TERRA CHEMICALS INTERNATIONAL INC,terra chemicals international,1
4589,38238,TETRA TECH INC,tetra tech,1
22552,346189,TEXASGULF INC,texasgulf,1
16521,246758,THESTREET INC,thestreetcom,1
28754,418379,THOMSON CORP,thomson pdr,1
7066,5,THOMSON REUTERS PLC,thomson reuters global resources,1
15157,12918,TICKETMASTER GROUP INC,ticketmaster,1
6850,63519,TIMBERLINE SOFTWARE CORP,timberline software corporation,1
6850,63519,TIMBERLINE SYSTEMS INC,timberline software corporation,1
11412,322572,TIME WARNER INC,time warner interactive,1
11412,32654,TIME WARNER INC,time warner warner brothers,1
11412,12,TIME WARNER INC,warner bros entertainment,1
11412,4614,TIME WARNER INC,warner brothers television,1
11412,585137,TIME WARNER INC,warner brothers tv international,1
11412,175474,TIME WARNER INC,warner computer systems,1
11412,139337,TIME WARNER INC,warner new media,1
11412,16978,TIME WARNER INC,warnermedia direct,1
10533,417065,TOKOS MEDICAL CORP DE,tokos medical corporatin,1
6278,26153,TOTAL SYSTEMS SERVICES INC,total systems technology,1
7610,691,TOWN & COUNTRY JEWELRY MFG CORP,town & country fine jewelry group,1
50855,354187,TOWN SPORTS INTERNATIONAL HOLDINGS INC,town sports international,1
4578,22280,TRANSCO COMPANIES INC,transco companies,1
16638,225348,TREND MICRO INC,trend micro devices,1
4551,36038,TRIANGLE CORP,the triangle,0
6256,14507,TRIANGLE HOME PRODUCTS INC,triangle home fashions,1
57787,336623,TRINITY CAPITAL INC,trinity capital investment,1
35044,332687,TUMBLEWEED INC,tumbleweed,1
37907,305682,TURKCELL ILETISIM HIZMETLERI A S,turkcell iletisim hizmetleri as.,1
4384,498,TURNER BROADCASTING SYSTEM INC,turner regional entertainment network,1
22559,137,TWENTIETH CENTURY FOX FILM CORP,twentieth century fox film corporation (employer for hire),1
21287,137,TWENTY FIRST CENTURY FOX INC,twentieth century fox film corporation (employer for hire),1
21287,137,TWENTY FIRST CENTURY FOX INC,twentieth century fox film corporation (employer for hire),1
21791,11815,TYCO INTERNATIONAL LTD SWTZLND,tyco industries,1
24773,243796,TYLER CORP,tyler enterprises,1
30020,1117,U HAUL HOLDING COMPANY,u-haul international,1
48779,80022,UNDER ARMOUR INC,under armour,1
16345,22386,UNITED FINANCIAL HOLDINGS INC,united first financial,0
12996,341555,UNITED RESTAURANTS INC,united restaurant supply,1
4720,149664,UNITED STATES DESIGN CORP,us design corporation,1
21833,9014,UNITED UTILITIES INC,united utilities,1
4752,252158,UNITED VIRGINIA BANKSHARES INC,united virginia bank,1
10187,641281,UNITY HEALTHCARE HOLDING INC,unity health system,1
16450,588028,VALLEY MEDIA INC,valley media,1
14851,116841,VENTANA MEDICAL SYSTEMS INC,ventana medical systems,1
8543,2842,VERTEX INDUSTRIES INC,vertex,1
24965,165472,VETCO OFFSHORE INDUSTRIES INC,vetco offshore,1
21866,28709,VIACOM INC,viacom 18 us,1
21866,41,VIACOM INC,viacom international,1
21866,41,VIACOM INC,viacom international,1
21866,1170,VIACOM INC,"viacom international, inc (employer for hire)",1
21866,19717,VIACOM INC,"viacom international, inc & rhi entertainment",1
21866,26868,VIACOM INC,"viacom international, inc and lynch entertainment",1
21866,27054,VIACOM INC,"viacom international, inc and national broadcasting company",1
21866,542026,VIACOM INC,viacom music,1
21866,325034,VIACOM INC,viacom overseas holdings cv.,1
21866,20228,VIACOM INC,"viacom productions, inc, a division of viacom international",1
21866,63707,VIACOM INC,viacom18 media pvt,1
21866,28709,VIACOMCBS INC,viacom 18 us,1
21866,41,VIACOMCBS INC,viacom international,1
12005,643132,VICAL INC,vical incorporated,1
14208,1194,VIEWPOINT CORP,viewpoint international,1
56306,663717,VIRTRA INC,"virtra systems, inc, employer of vir tra.",1
28935,171710,VISIONICS CORP,visionics corporation,1
56867,147983,W M TECHNOLOGY INC,wm software,1
12695,180017,WANG LABORATORIES INC,wang laboratories,1
20453,571507,WARDS INC,wards,1
24345,57,WARNER BROS COMPANY,warner brothers music,1
24324,659844,WARNER COMMUNICATIONS INC,warner bros & classic media,1
24324,30377,WARNER COMMUNICATIONS INC,warner brothers music corporation & g matt music,1
24324,633936,WARNER COMMUNICATIONS INC,warner chappel scandinvia,1
24324,8424,WARNER COMMUNICATIONS INC,warner music sweden ab,1
24324,258271,WARNER COMMUNICATIONS INC,"warner-olive music, cam, srl",1
24324,40,WARNER COMMUNICATIONS INC,warner-tamerlane publishing,1
4854,514249,WARNER ELECTRIC BRAKE & CLTCH COMPANY,warner electric brake & clutch company,1
21886,657314,WARNER LAMBERT PHARMACEUTICAL COMPANY,warner-lambert pharmaceutical division,1
46685,547356,WARNER MUSIC GROUP CORP,A(c) warner wave music,1
46685,56796,WARNER MUSIC GROUP CORP,"mmg, llc/warner bros records",1
46685,21356,WARNER MUSIC GROUP CORP,warner bros records inc./wea international,1
46685,57,WARNER MUSIC GROUP CORP,warner brothers music,1
46685,139040,WARNER MUSIC GROUP CORP,"warner brothers music corp, as seen music",1
46685,632644,WARNER MUSIC GROUP CORP,"warner brothers music corp, dfpg",1
46685,632644,WARNER MUSIC GROUP CORP,"warner brothers music corp, dfpg",1
46685,491726,WARNER MUSIC GROUP CORP,warner brothers music corporation & basedown music,1
46685,30377,WARNER MUSIC GROUP CORP,warner brothers music corporation & g matt music,1
46685,30377,WARNER MUSIC GROUP CORP,warner brothers music corporation & g matt music,1
46685,502785,WARNER MUSIC GROUP CORP,warner brothers music corporation & val;s child,1
46685,205322,WARNER MUSIC GROUP CORP,"warner brothers music corporation, outspoken music group",1
46685,456359,WARNER MUSIC GROUP CORP,"warner brothers music corporation, polygram music corporation",1
46685,196318,WARNER MUSIC GROUP CORP,"warner brothers music corporation, position 19",1
46685,196318,WARNER MUSIC GROUP CORP,"warner brothers music corporation, position 19",1
46685,40333,WARNER MUSIC GROUP CORP,"warner brothers music corporation, universal music",1
46685,489649,WARNER MUSIC GROUP CORP,"warner brothers music, ltd, f. s. music",1
46685,33415,WARNER MUSIC GROUP CORP,warner music benelux,1
46685,570366,WARNER MUSIC GROUP CORP,warner music canada,1
46685,570366,WARNER MUSIC GROUP CORP,warner music canada,1
46685,210857,WARNER MUSIC GROUP CORP,warner music france,1
46685,210857,WARNER MUSIC GROUP CORP,warner music france,1
46685,51684,WARNER MUSIC GROUP CORP,warner music group & arista records,1
46685,51684,WARNER MUSIC GROUP CORP,warner music group & arista records,1
46685,33021,WARNER MUSIC GROUP CORP,warner music italy,1
46685,21601,WARNER MUSIC GROUP CORP,warner music japan,1
46685,21601,WARNER MUSIC GROUP CORP,warner music japan,1
46685,2326,WARNER MUSIC GROUP CORP,warner music latina,1
46685,2326,WARNER MUSIC GROUP CORP,warner music latina,1
46685,60921,WARNER MUSIC GROUP CORP,warner music nashville,1
46685,60921,WARNER MUSIC GROUP CORP,warner music nashville,1
46685,133973,WARNER MUSIC GROUP CORP,warner music norway as,1
46685,10250,WARNER MUSIC GROUP CORP,warner music spain,1
46685,8424,WARNER MUSIC GROUP CORP,warner music sweden ab,1
46685,266051,WARNER MUSIC GROUP CORP,warner-bantam music,1
46685,179497,WARNER MUSIC GROUP CORP,warnerkin music,1
21887,568874,WASHINGTON GAS LT COMPANY,washington gas,1
13250,310659,WAVE TECHNOLOGIES INTERNATIONAL INC,wave technology,1
47452,59774,WEBMD HEALTH CORP,webmd,1
15508,315180,WESTERN BANCORP,western bank,1
22139,36966,WESTERN GAS RESOURCES INC,western resources,1
4909,80351,WESTERN GEAR CORP,western gear corporation,1
5012,122703,WESTON ROY F INC,roy f weston,1
4922,4,WILEY JOHN & SONS INC,john wiley & sons,1
50964,1543,WINDSTREAM CORP,windstream,1
24818,319678,WYLAIN INC,wylain,1
5030,321293,XOMOX CORP,xomox corporation,1
14636,45316,A C C CONSUMER FINANCE CORP,c c company,0
7930,34252,A C C CORP,a r c,0
15714,26412,A C S TECH 80 LTD,a s c,0
14062,248786,A D E CORP MASS,d a s d corporation,0
100,640503,A F G INDUSTRIES INC,fffg,0
58753,221256,A K A BRANDS HOLDING CORP,a aabbott corporation,0
55563,39461,A L J REGIONAL HOLDINGS INC,l j k enterprises,0
20204,335184,A P A CORP,a p c corporation,0
8458,152496,A P A OPTICS INC,american optical corporation,0
28930,154375,A T C INC,a c t international,0
10133,259498,ABATIX ENVIRONMENTAL CORP,environmental associates,0
22200,573229,ABERCROMBIE & FITCH COMPANY,abercrombie & mcmillian,0
5580,173401,ABRAMS INDUSTRIES INC,"abrams, new york",0
58507,170416,ABSCI CORP,cspi,0
43,198132,ACCEL INTERNATIONAL CORP,accutype associates,0
50465,344790,ACQUICOR TECHNOLOGY INC,acro systems,0
20025,5,ADOBE RESOURCES CORP,thomson reuters global resources,0
56821,19163,AFYA LTD,the abwa company,0
10177,221031,AKZO N V,v k o enterprises,0
40192,340701,ALCATEL,al[l] telephone corporation,0
54857,174956,ALDEYRA THERAPEUTICS INC,almedica technology group,0
5335,212121,ALLEGHENY LAND & MINERAL COMPANY,general minerals corporation,0
20046,6180,ALLEN GROUP INC,"allen systems group, inc (asg)",0
31408,196228,ALLIANCE COMMUNICATIONS CORP,a*t communications co,0
55743,4856,ALLIANCE M M A INC,m,0
22168,161716,ALLIED CORP,allied barter corporation,0
20050,393312,ALLIED PRODUCTS CORP DE,allied solutions group,0
10415,589751,ALPHA PORTLAND INDUSTRIES INC,"alphatek global, pte",0
37130,156295,ALPHA PRO TECH LTD,bio-alpha,0
8247,665226,ALPNE LACE BRANDS INC,spirit lace enterprise,0
8339,401043,ALPNET INC,ablsoft,0
57565,310971,ALSET INC,alsys,0
8485,13204,ALTAI INC,altay scientific usa,0
50193,7548,ALTUS PHARMACEUTICALS INC,pharmanutrients,0
13907,640034,AMBASSADORS INTERNATIONAL INC,poss traiding international,0
16473,588150,AMERICAN ACCESS TECHNOLOGIES INC,access data corporation,0
24599,355827,AMERICAN AIR FILTER INC,clean air filter company,0
42909,337257,AMERICAN BANK INC,first american bank,0
20084,317169,AMERICAN HEALTHCARE MANAGEMENT,americana healthcare corporation,0
29057,0,AMERICAN MEDIA INC,american broadcasting companies,0
22184,168,AMERICAN MOTORS CORP,general motors corporation,0
284,345664,AMERICAN NATURAL PETROLEUM COMPANY TX,amerco,0
12705,200059,AMERICAN RESOURCE CORP INC,resourceamerica,0
7808,201990,AMERICAN TELEDATA CORP,american telesystems corporation,0
13259,154796,AMERILINK CORP,ameri-suisse group,0
21600,139,AMERISCRIBE CORP,ameritech advertising services,0
13650,329590,AMERISOURCE HEALTH CORP,ameriworks,0
23422,632103,AMPEX CORP,amped,0
58702,350301,AMPLITUDE INC,exponent labs,0
6200,206782,AN CON GENETICS INC,ancept,0
265,403866,ANACOMP INC,civicrm,0
9093,299438,ANCHOR SAVINGS BANK FSB NY,branch banking and trust company,0
56057,231274,ANGI HOMESERVICES INC,a i f service corporation,0
56057,213804,ANGI INC,arceri & associates,0
8874,299253,ANODYNE ENERGY CORP,anken,0
45690,194356,ANSWERS CORP,the answer model,0
42273,612162,ANTHEM INC,living anthem,0
13457,120732,APOLLO GROUP INC,apollo quartet enterprises,0
7612,61,APPLE BANCORP INC,apple,0
11216,61,APPLE SOUTH INC,apple,0
11668,61,APPLETREE INC,apple,0
14965,25470,APPLIED ANALYTICAL IND INC,applied intelligence,0
59542,414794,ARB IOT GROUP LTD,aribtron,0
20208,249971,ARCTIC ALASKA FISHERIES CORP,arctic missions,0
54883,329692,ARDELYX INC,ardell,0
22128,86173,ARKLA EXPLORATION COMPANY,mobile drilling company,0
25546,241089,ARMAC ENTERPRISES INC,amcor industries,0
56969,610527,ARRIVAL,upstart entertianment,0
13077,394018,ASCEND COMMUNICATIONS INC,aspire communications,0
20222,661333,ASHLAND GLOBAL HOLDINGS INC,global inheritance,0
8169,70320,ATLANFED BANCORP INC,atlantide group limited,0
116,416159,ATLANTA GAS LIGHT COMPANY,alabama gas corporation,0
20229,106938,ATLANTIS GROUP INC,atlantis research,0
20229,298543,ATLANTIS GROUP INC,new atlantis,0
22209,84913,ATLAS POWDER COMPANY,atlas holdings,0
16538,38932,ATPLAN INC,adaconn,0
20233,202074,AUGAT INC,autac,0
45477,27696,AUTOMOTIVE SYSTEMS INC,automotive technologies,0
45477,100507,AUTOMOTIVE SYSTEMS INC,dealership computer systems,0
14059,573622,AVALON CORRECTIONAL SERVICES INC,monarch avalon company,0
51949,639753,AVIAT NETWORKS INC,aritaur communications,0
11038,156710,AVITAR INC,avimar,0
10463,155920,B C A M INTERNATIONAL INC,b m a management support corporation,0
4392,70388,B C C INC,b c m international,0
10567,311581,B E AEROSPACE INC,aerospace service and controls,0
27605,574447,B I W LTD,b b w international,0
20339,126745,B N S COMPANY,b l s,0
20339,8,B N S COMPANY,c b s,0
50014,347221,B P I INDUSTRIES INC,p s b enterprises,0
20989,122160,B T B CORP,tbgb,0
13792,55914,B W A Y CORP,bww,0
20255,574584,BALDWIN TECHNOLOGY COMPANY INC,baldwin enterprises,0
8867,337257,BANCFIRST CORP AL,first american bank,0
525,289455,BANKS IOWA INC,broadway bank,0
53647,614176,BANKUNITED INC,union peoples bank,0
11655,653887,BANYAN SYSTEMS INC,banyan biomarkers,0
59120,508227,BARFRESH FOOD GROUP INC,quick foods service corporation,0
55342,78,BARNES & NOBLE EDUCATION INC,simon & schuster,0
621,312823,BARNES HIND PHARMACEUTICALS,hinds international,0
8210,642299,BEAR AUTOMOTIVE SVC EQUIP COMPANY,cassel bear,0
14587,150987,BEAR STATE FINANCIAL INC,"bear, stearns & company",0
20245,293113,BELL  ENTERPRISES,bell telephone labortories [sic],0
8434,292164,BERES INDUSTRIES INC,berk enterprises,0
54198,665438,BERRY GLOBAL GROUP INC,xyz iglobal,0
31189,340101,BIG FLOWER PRESS HOLDINGS INC,ph[a]idon press,0
56597,379127,BIOMX INC,biovaliditycom,0
528,297331,BIRD & SON INC,bird and butterfly,0
5026,200271,BISCAYNE HOLDINGS INC,bogales group,0
58519,392556,BLEND LABS INC,tasty blend foods,0
54719,17563,BLUE BIRD CORP,blackbird,0
10062,121928,BOLSA CHICA COMPANY,chica,0
8421,608073,BONNEVILLE PACIFIC CORP,bonneville producers group,0
7182,181465,BONRAY ENERGY CORP,guardian energy technologies,0
7182,332357,BONRAY ENERGY CORP,stellar energy systems,0
587,413252,BOOTH NEWSPAPERS INC,morning news tribune,0
22881,307121,BOSTON INC,boston material handling equipment company,0
13973,426641,BOYDS WHEELS INC,boyd enterprises,0
29521,652541,BRADLEES INC,bradfrod exchange,0
56699,148146,BRAINSWAY LTD,mind,0
631,8,BRAUN C F & COMPANY,c b s,0
25468,8,BREWER C & COMPANY LTD,c b s,0
13030,345700,BROOKLYN BANCORP INC,mercantile bancorporation,0
23660,36198,BROWN COMPANY,brownie brown co,0
23660,44309,BROWN COMPANY,david brown & associates,0
20342,29421,BROWN GROUP INC,brown reference group,0
6441,8,BROWN ROBERT C & COMPANY INC,c b s,0
29194,295553,BUNKER HILL MINING COMPANY INC,bunker hill holdings,0
29449,106834,BURLINGTON INDUSTRIES INC,burlington house area rugs,0
57113,550621,BURNING ROCK BIOTECH LTD,A(c) burning bush enterprises,0
23669,4,BURROUGHS J P & SONS INC,john wiley & sons,0
786,64644,C C B FINANCIAL CORP,c p c international,0
41155,27897,C E COMPUTER EQUIPMENT A G,computer gear,0
46418,230860,C G I HOLDING CORP,i c c s corporation,0
34886,43550,C G I INC,c e i industries,0
57536,312252,C I FINANCIAL CORP,c c i financial group,0
16390,14127,C N B INC,n c n b corporation,0
31810,91,C N H GLOBAL N V,cch incorporated,0
8791,245598,C R PLACE INC,c&r partnership,0
13859,316812,C S I COMPUTER SPECIALISTS INC,i c a s computer systems,0
5286,8,C S P INC,c b s,0
20370,8,C S X CORP,c b s,0
26165,8,C T G INC,c b s,0
11573,14195,C T N MEDIA GROUP INC,cpp media group,0
20371,8,C T S CORP,c b s,0
1207,8,C V INTERNATIONAL CORP,c b s,0
55885,428117,CACHET FINANCIAL SOLUTIONS INC,macbaren financial,0
7876,407525,CADNETIX CORP,cad/tech corporation,0
10406,9509,CANNON PICTURES INC,hammer film productions,0
10406,17,CANNON PICTURES INC,paramount pictures corporation,0
10701,103403,CAP RX LTD,rxsolutions,0
25559,7510,CAPITAL MORTGAGE INVTS,mortgage systems corporation,0
16457,398351,CAPITOL FEDERAL FINANCIAL INC,capital strategies,0
5963,331313,CARE ENTERPRISES,corp/care,0
11212,639199,CAREMATRIX CORP,"matrixcare, lc",0
1130,308160,CARIBBEAN LEISUREWEAR INC,corrective leisurewear,0
20392,426683,CARLISLE CORP,richardson-estes,0
8711,665950,CAROLINA FIRST CORP,carolina arms group,0
45996,292209,CAROLINA TRUST BANK,equity trust company,0
45996,319910,CAROLINA TRUST BANK,guaranty bank & trust company,0
54931,290705,CATALENT INC,cathcases,0
11943,328866,CATALYTICA INC,catalytic,0
13695,334756,CBIZ INC,"&quotu c b"" corporation",0
12783,582126,CELADON GROUP INC,celantra systems,0
22888,29761,CELANESE CORP,hoechst celanese corporation,0
55612,647125,CELLECT BIOTECHNOLOGY LTD,ortho biotech,0
20410,246222,CENTEL CORP,"cento group, spa",0
15572,247145,CENTENNIAL HEALTHCARE CORP,centennial life insurance company,0
22984,403866,CENTRAL FDRY COMPANY,civicrm,0
20426,65397,CHAMPION ENTERPRISES INC,champion residential services,0
56347,45202,CHAMPIONX CORP,champ corporation,0
864,341206,CHANCE A B COMPANY,probability enterprises,0
23179,194714,CHEF PIERRE INC,chef n corporation,0
1185,258692,CHEM TRONICS INC,chemetron corporation,0
8952,276779,CHERNE ENTERPRISES INC,karatique,0
20439,300711,CHESAPEAKE CORP VA,virginia professional services,0
874,196788,CHESAPEAKE INDUSTRIES INC,united dominion industries,0
56770,661269,CHEWY INC,chewsy,0
9590,361318,CHIPWICH INC,blockhouse company,0
20446,168,CHRYSLER CORP,general motors corporation,0
1103,403866,CHURCH & DWIGHT INC,civicrm,0
23280,369505,CITIES SERVICE COMPANY,city services,0
41387,258486,CITIZENS FIRST BANCORP INC,first savings financial,0
8294,338003,CLIFF ENGLE LTD,engel & engles and arthur richard,0
944,3171,CLINI THERM CORP,thermo-serv,0
20464,394197,CLUB MED INC,med associates,0
20473,6252,COLGATE PALMOLIVE COMPANY,coca-cola company,0
725,295446,COLONIAL COMPANIES INC,colonial consulting corporation,0
55294,55952,COLUMBIA PIPELINE GROUP INC,columbia house company,0
10541,382494,COMMAND CREDIT CORP,credit control,0
8931,660565,COMMODORE RESOURCES CORP,cherokee resources,0
40986,393937,COMMONWEALTH BANKSHARES INC,commonwealth h2o,0
32028,555122,COMMSCOPE INC,comspec,0
3536,150994,COMMUNICATIONS & CABLE INC,cable & wireless communications,0
52796,148215,COMPELLENT TECHNOLOGIES INC,comvest,0
11255,6018,COMPUSA INC,compuserve,0
1208,231405,COMPUTERVISION CORP,quickview systems,0
57722,403866,COMSOVEREIGN HOLDING CORP,civicrm,0
8917,231402,CONCEPT 90 MARKETING INC,idea marketing,0
10154,313051,CONDOR SERVICES INC,the condor corporation,0
10196,307421,CONQUEST INDUSTRIES INC,conquest games,0
56122,321139,CONSOL ENERGY INC,conmec,0
56122,141459,CONSOL ENERGY INC,conti spe,0
56122,310047,CONSOL ENERGY INC,fracked cap,0
20258,332357,CONSTELLATION ENERGY GROUP INC,stellar energy systems,0
9796,604707,CONSTITUTION BANCORP NEW ENG INC,carolina bank,0
20509,289031,CONTINENTAL CORP,continental fidelity,0
920,414609,CONTINENTAL INFORMATION SYS CORP,continental corporate services,0
20513,43870,CONTINENTAL MATERIALS CORP,the continental products company,0
22969,18130,CONTINENTAL STEEL CORP,continental american corporation,0
54953,246958,CONTRAFECT CORP,concord confections,0
20514,223874,CONTROL DATA CORP DE,controltec,0
38413,351501,CONVERGENT GROUP CORP,cogence,0
58335,373285,CONVEY HOLDING PARENT INC,hydrol conveyor company,0
1063,34644,CORDIS CORP,cordon rose,0
1065,173502,CORNELIUS COMPANY,lionel cornelius enterprises,0
31760,31754,CORNELL COMPANIES INC,cornell consulting group,0
8027,308260,CRAFTMATIC INDUSTRIES INC,craftivities,0
11869,16352,CREATIVE BIOMOLECULES INC,creative images,0
15603,591091,CREATIVE HOST SERVICES INC,creative websoft,0
25179,37703,CREATIVE MANAGEMENT ASSOC INC,creative manager,0
15242,588447,CREDIT MANAGEMENT SOLUTIONS INC,car credit management corporation,0
1129,433881,CROSS COMPANY,cross j company,0
58558,116122,CULLMAN BANCORP INC,cullman ventures,0
22785,11090,CURTIS PUBLISHING COMPANY,william curtis publishing,0
15066,322942,CYBERMEDIA INC,cyber world,0
15066,570850,CYBERMEDIA INC,cyberdine systems,0
14340,329958,D G FASTCHANNEL INC,digital communications group,0
1383,2562,D I INDUSTRIES INC,d r. i. industries,0
9485,229918,D R S INDUSTRIES INC,r d s systems,0
15498,78322,D S I TOYS INC,dah yang toy industrial company,0
7941,145005,D S P TECHNOLOGY INC,ds technologies,0
7922,317226,D S S INC,d b services,0
1277,33011,DATA DIMENSIONS INC,dimensions acquisitions,0
1401,121119,DATA TECHNOLOGY CORP,data technology industries,0
6817,380136,DAY TELECOMMUNICATIONS INC,day star company,0
8482,557526,DECORA INDUSTRIES INC,decorna,0
42918,73217,DECORIZE INC,decoral,0
24466,170626,DELTOWN FOODS INC,doskocil foods group,0
5305,320011,DESTRON INC,deltron,0
10992,96370,DEVRY EDUCATION GROUP INC,education industries,0
54409,128539,DEX MEDIA INC,penta media,0
20578,139767,DIAMOND SHAMROCK INC,diamond hong,0
12411,210298,DIASONICS ULTRASOUND INC,a sonografica,0
10323,29238,DIGI INTERNATIONAL INC,digibits interactive,0
53917,218390,DIGITAL DOMAIN MEDIA GROUP INC,digital media,0
8375,290350,DIME FINANCIAL CORP,u s a a financial service company,0
37929,18587,DISCOVERY PARTNERS INTERNATIONAL INC,discovery,0
53048,1408,DISTANCE EDUCATION HLD LTD,teaching & learning company,0
17978,98110,DIVERSA CORP,altera corporation,0
5137,319942,DNA MED INC,medical,0
10181,589664,DOCUCON INC,documatics,0
11451,174578,DOLCO PACKAGING CORP,standard packaging corporation,0
1356,136970,DOMINION HOLDINGS INC,dominion resources,0
7557,15910,DREW INDUSTRIES INC,drew technologies,0
13572,605737,DUALSTAR TECHNOLOGIES CORP,dualstar productions,0
20608,314264,DUKE POWER COMPANY,power systems management corporation,0
7198,371,DURAKON INDUSTRIES INC,durkan enterprises,0
1437,358456,DYNAMIC HOMES INC,dynamic property management,0
6593,146097,DYNATRONICS CORP,dynatron,0
9376,3513,E C C GROUP PLC,e m c corporation,0
22125,169379,E C I INTERNATIONAL INC,i f i international,0
23758,509482,E D P MARKETING CORP,a d e c,0
20658,132316,E E X CORP,e x e software systems,0
29058,67208,E X E L LTD,e l p communications,0
10266,291594,EAGLE FOOD CENTERS INC,eagle flight center,0
1451,27068,EATON & HOWARD VANCE SANDERS INC,eatonform,0
4404,336747,ECC CORP,ehco,0
1475,44224,EDISON SAULT ELEC COMPANY,electrical enterprises & management services,0
10906,5747,EDUCATION ALTERNATIVES INC,educational service,0
12078,289970,EDUNETICS LTD,edtechlens,0
17135,308560,EGAIN CORP,egeon enterprises,0
1485,213128,EGO RESOURCES LTD,ego/vae victis srl,0
4505,425776,EGRET ENERGY CORP,eott energy corporation,0
1493,234542,EL CHICO RESTAURANTS INC,tijuana flats burrito co,0
56535,659800,ELASTIC N V,elasticbrand,0
55000,137453,ELDORADO RESORTS INC,resorts marketing group,0
3340,121,ELECTRIC CAR COMPANY AMERICA INC,american honda motor company,0
53490,90887,ELECTROMED INC,emp international,0
13725,311984,ELECTRONIC COMMUNICATIONS CORP,e d i communications corporation,0
13723,373148,ELECTROPHARMACOLOGY INC,datapharm,0
20636,403866,ELKCORP,civicrm,0
12154,234986,ELLIS PERRY INTERNATIONAL INC,morton international,0
55908,241095,EMERALD HOLDING INC,emeraldwise,0
23794,334362,EMERY AIR FGHT CORP,piedmont aviation,0
28344,0,EMMIS BROADCASTING CORP,american broadcasting companies,0
15069,560523,ENAMELON INC,el ellyon corporation,0
37931,241511,ENDO INTERNATIONAL PLC,meravic,0
40201,202494,ENDWAVE CORP,endymion corporation,0
11977,344220,ENER1 INC,enercomp,0
15286,19031,ENERGY SEARCH INC TENN,enercept,0
5756,64606,ENERGYNORTH INC,energy worx,0
20655,17250,ENSERCH CORP,encorp,0
20658,126247,ENSERCH EXPLORATION PARTNERS LTD,energroup,0
22038,191271,ENTERASYS NETWORKS INC,connexn technologies,0
37711,225670,ENVOY COMMUNICATIONS GROUP INC,envoy systems,0
11221,158588,EPIMMUNE INC,epistat services,0
56645,320195,EPSILON ENERGY LTD,l t v energy products company,0
41079,227167,EQUIDYNE CORP,equion corporation,0
12572,140809,EQUIMED INC,equibase company,0
1466,93,EQUIPMENT COMPANY AMERICA,lakeshore equipment company,0
56546,19673,EQUITRANS MIDSTREAM CORP,wells fargo & company,0
54002,615710,EVERYWARE GLOBAL INC,geoware,0
11808,324139,EZCHIP SEMICONDUCTOR LTD,ez solution software corporation,0
1623,14294,F A F C O INC,f m c corporation,0
8367,304395,F H P INTERNATIONAL CORP,h f. i. c. management company,0
56240,94247,F T S INTERNATIONAL INC,f i. t. w. s.,0
20267,415211,FAIRCHILD CORP,fairchild aircraft,0
20267,26055,FAIRCHILD CORP,"fairchild republic company, fairchild industries",0
9440,598477,FASTENAL COMPANY,fast pace,0
25252,234013,FIDELITY UNION BANCORPORATION,first chicago bancorp,0
54480,37964,FIFTH STREET SENIOR FLTG RT CORP,company 5,0
11235,20172,FINANCIAL DATA SYSTEMS INC,financial technologies,0
30790,659784,FINET HOLDINGS CORP,finejewelerscom,0
23468,588895,FIRST CHARTER FINANCIAL CORP,charter one financial,0
25279,27065,FIRST CITY INDUSTRIES INC,first texas products,0
29505,248508,FIRST COMMONWEALTH FINANCIAL COR,first pension corporation,0
53820,258486,FIRST CONNECTICUT BANCORP INC MD,first savings financial,0
8025,419714,FIRST FAMILY GROUP INC,first one corporation,0
45299,387709,FIRST FEDERAL FINANCIAL SERVICES INC,firstplus financial group,0
1696,296290,FIRST FINANCIAL SAVINGS & LN ASN WI,first capital financial corporation,0
20720,337257,FIRST INTERSTATE BANCORP,first american bank,0
54417,297305,FIRST N B C BANK HOLDING COMPANY,first midwest bank/north chicago,0
48772,338525,FIRST NATIONAL BANCSHARES INC SC,first alabama bancshares,0
11633,298587,FIRST PACIFIC NETWORKS INC,pacific network engineering,0
53097,296290,FIRST SAVINGS FINANCIAL GROUP INC,first capital financial corporation,0
13674,234013,FIRST SOUTHERN BANCSHARES INC,first chicago bancorp,0
57383,38154,FIRSTMARK HORIZON ACQUISITION CORP,horizon research,0
24891,555012,FISHER SCIENTIFIC COMPANY,robert s fisher & company,0
52838,23477,FLUENT INC,inlingua,0
13201,224568,FLUOROSCAN IMAGING SYSTEMS INC,vision imaging,0
20750,168,FORD MOTOR COMPANY,general motors corporation,0
13103,260825,FORE SYSTEMS INC,introtech,0
8572,263560,FORST HUNTER INTERNATIONAL TRADE CORP,hunter & ready,0
25671,185415,FRANCANA OIL & GAS LTD,galego oil company,0
6331,3711,FRANKLIN TELECOMMUNICATIONS CORP,franklin estimating systems,0
10045,608960,FRESH BRANDS INC,fresh produce,0
58166,423664,FRONTIER GROUP HOLDINGS INC,frontier consulting,0
30029,43320,G C COS INC,g s s industries,0
8308,25539,G H S INC,gbs international,0
25548,30644,G I T INDUSTRIES INC,a g. t. international,0
25548,296855,G I T INDUSTRIES INC,g t e alaska,0
20776,90210,G T E CORP,g a f corporation,0
20776,43736,G T E CORP,g e t enterprises,0
2057,146158,G T S CORP,g t e service corporation,0
58105,218815,GAIN THERAPEUTICS INC,ovid therapeutics,0
8090,82,GANDER MOUNTAIN INC,ganz,0
8173,82,GANTOS INC,ganz,0
8173,82,GANTOS INC,ganz,0
13008,388076,GARDNER DENVER MACHINERY INC,spancrete machinery corporation,0
9226,509959,GATEWAY FEDERAL CORP,gateway designs unlimited,0
1938,225428,GEMTEC CORP,gemtek technology company,0
10224,411194,GEN DIGITAL INC,genisis technologies,0
1928,591044,GENENTECH INC,cintech enterprises,0
15452,131066,GENERAL CREDIT CORP,a i. credit corporation,0
1916,172432,GENERAL DEVICES INC,applications general corporation,0
20791,168,GENERAL DYNAMICS CORP,general motors corporation,0
20792,168,GENERAL ELECTRIC COMPANY,general motors corporation,0
1974,359928,GENERAL MAGNAPLATE CORP,magni company,0
20799,325031,GENERAL MOTORS CORP,gm nameplate,0
20803,412164,GENERAL RE CORP,general diversified service,0
8051,44316,GENERAL SCIENCES CORP,general products,0
12194,411664,GENTHERM INC,general heating & cooling company,0
8468,17780,GEONEX CORP,geotrans,0
1943,594076,GILFORD INSTRUMENT LABS INC,gilson,0
52894,583364,GLOBAL BRANDS ACQUISITION CORP,branding brand,0
41254,357423,GLOBAL ELECTION SYSTEMS INC,global data security usa,0
30897,399177,GLOBAL INDUSTRIAL COMPANY,global manufacturing,0
8121,332881,GOLDEN BOOKS FAMILY ENT INC,golden dipt company,0
56646,76133,GORES METROPOULOS INC,metrotech corporation,0
1922,618440,GOVERNMENT EMPLOYEES LIFE INSURANCE COMPANY,union security life insurance company,0
14935,266901,GRADALL INDUSTRIES INC,graley,0
51330,300209,GRANAHAN MCCOURT ACQUISITION CORP,mcgarv-les enterprises,0
25207,93,GREAT LAKES DREDGE & DOCK COMPANY,lakeshore equipment company,0
23847,93,GREAT LAKES REC COMPANY,lakeshore equipment company,0
2065,234564,GREATWEST HOSPITALS INC,triwest healthcare alliance,0
52282,43318,GREEN BUILDERS INC,business builder enterprises,0
30446,144434,GREENBRIER COMPANIES INC,green mountain west,0
56912,239051,H B T FINANCIAL INC,hhhunt corporation,0
2104,80892,H C C INDUSTRIES,h&c corporation,0
6583,427942,H C W INC,hpplhw,0
13054,283669,H E R C PRODUCTS INC,h r c group,0
29507,22151,HAFSLUND NYCOMED AS,olofsson corporation,0
20869,515447,HALLWOOD GROUP INC,hall leonard corporation,0
8212,564860,HARLEYSVILLE GROUP INC,kincaid group,0
13739,279851,HARMONIC INC,harmonic factory,0
2210,78,HARPER & ROW PUBLISHERS DE,simon & schuster,0
12794,425061,HARRIS SAVINGS BANK PA,"world savings bank, fsb",0
2237,43894,HAWKEYE BANCORPORATION,hancock bank,0
10540,42462,HAWKINS ENERGY CORP,hawkins and associates,0
2112,361181,HEALTH INDUSTRIES INC,health living,0
2065,19173,HEALTHCARE USA INC,healthcare international,0
16406,132371,HEALTHEON CORP,health international corporation,0
12629,28651,HEALTHWISE AMERICA INC,health software,0
53504,19119,HELIX BIOPHARMA CORP,novartis pharmaceuticals corporation,0
14187,7854,HELP AT HOME INC,homewise,0
46014,316452,HIGHPOINT RESOURCES CORP,energy resources company,0
16028,435621,HOME LOAN FINANCIAL CORP,home capital funding,0
29026,28227,HOME OIL LTD,oil equipment company,0
57407,3313,HORIZON ACQUISITION CORP II,horizon group usa,0
53846,409797,HORIZON PHARMA PLC,horizon investment,0
24881,661520,HOST INTERNATIONAL INC,hostdimecom,0
54653,78,HOUGHTON MIFFLIN HARCOURT COMPANY,simon & schuster,0
22349,624873,HOWE SOUND COMPANY DEL,harrington brame music,0
51204,32074,HUGHES COMMUNICATIONS INC,communication equipment and contracting company,0
2233,91425,HUNT MANUFACTURING COMPANY,hunt holdings,0
5155,262548,HYBRITECH INC,hybrinetics,0
6266,249420,HYDRO FLAME CORP,flame company,0
16111,144421,I B S INTERACTIVE INC,interactive frontiers,0
13562,295711,I C H O R CORP,i h i,0
35273,26360,I C I C I LTD,i i c u c,0
35273,169424,I C I C I LTD,i t c technologies corporation,0
14727,169424,I C T GROUP INC,i t c technologies corporation,0
15353,320181,I F S INTERNATIONAL INC,i m s america,0
56890,47060,I G M BIOSCIENCES INC,biogen,0
44392,373061,I M I INTERNATIONAL MED INNOVATIONS INC,international medical exchange,0
23896,21396,I T I CORP,i n a corporation,0
11761,41842,IMAGEAMERICA INC,imagem usa,0
2333,362455,IMPELL CORP,impex trading and marketing company,0
20971,582958,IMPERIAL CORP AMERICA,imperial-newton,0
11277,289558,INDIANA UNITED BANCORP,fort wayne national bank,0
2354,99,INFOREX INC,nynex information resources company,0
15683,319640,INFORMATION ANALYSIS INC,analytic information media corporation,0
26100,323627,INFORMATION DISPLAY TECH INC,information & display systems,0
15128,341228,INFORMATION MANAGEMENT RESOURCES,information resource group,0
15128,587822,INFORMATION MANAGEMENT RESOURCES,integrated management information,0
7603,15919,INNOVEX INC,innovus corporation,0
37726,190864,INSMED INC,med international,0
54363,359943,INSPIREMD INC,helpmeds,0
2405,641691,INSYTE CORP,inspure,0
55395,25176,INTEC PHARMA LTD,intech systems corporation,0
10986,2714,INTEGRATED CIRCUIT SYSTEMS INC,integrated circuit engineering corporation,0
10505,324487,INTEGRATED SYSTEMS INC,interactive intellegent systems,0
13190,155715,INTEGRITY INC,integrity reaearch associates,0
2274,24146,INTEK GLOBAL CORP,unitek corporation,0
6118,328639,INTER GLOBE RESOURCES LTD,interspan,0
12204,13227,INTERACTIVE INC,interactive systems corporation,0
20988,93,INTERLAKE IRON CORP,lakeshore equipment company,0
20988,93,INTERLAKE STL CORP,lakeshore equipment company,0
20990,187423,INTERNATIONAL BUSINESS MACHINES CORPORATION,electronic business machines,0
20990,401530,INTERNATIONAL BUSINESS MACHS COR,international business protocol services,0
7297,586500,INTERNATIONAL FILM PRODTNS INC,sebastian international pictures,0
7345,81735,INTERNATIONAL INFO NETWORK INC,intercontinental business network,0
29650,309984,INTERNATIONAL PETROLEUM CORP,international petroleum specification[s],0
8855,25499,INTERNATIONAL TEXAS INDUSTRIES INC,waco international corporation,0
20997,113826,INTERPUBLIC GROUP COS INC,inter-all corporation,0
7534,313963,INTERVOICE BRITE INC,interwood corporation,0
14422,652123,INTERWEST HOME MEDICAL INC,west intraprise,0
13412,52883,ION MEDIA NETWORKS INC,etherian media,0
59318,118868,IPERIONX LTD,iperion,0
14571,32430,J P M COMPANY,j c m industries,0
24873,158,JARMEL FABRICS INC,liberty fabrics,0
13277,235285,JEFFERSON BANCORP INC LA,jpmorgan chase & co,0
8422,578267,JIFFY LUBE INTERNATIONAL INC,jiffy jons,0
4708,170394,JOHN PHILLIP TUBA CORP,john b phillips,0
21024,10165,JORGENSEN EARLE M COMPANY,eoriginal,0
28811,268678,JPS INDUSTRIES,j a a r s,0
14303,584307,K & G MENS CENTER INC,k g a industries,0
2509,10032,K D I CORP,d c d company,0
15505,318382,K M G B INC,k b m enterprises,0
23285,44359,KAISER ALUMINUM CORP,kaiser engineers,0
23541,283259,KAISER CEMENT CORP,kaiser associates,0
58578,660634,KAIVAL BRANDS INNOVATIONS GP INC,kaimana ventures,0
25664,19835,KALLESTAD LABS INC,bio-lab,0
55225,376557,KALVISTA PHARMACEUTICALS INC,monarch pharmaceuticals,0
2488,131748,KAMAN CORP,kaman sciences corporation,0
2491,223061,KAPLAN INDUSTRIES INC,kaplan building systems,0
20256,297911,KAY CORP,kaymed,0
21042,397954,KELLWOOD COMPANY,kellwell,0
2535,330251,KEYCORP,keyed up,0
55033,286541,KEYSIGHT TECHNOLOGIES INC,8ight,0
9904,146771,KINDER CARE LEARNING CENTERS INC,quality child care,0
42390,342791,KINDRED HEALTHCARE INC,kindred wellness,0
7327,607781,KING WORLD PRODUCTIONS INC,island world productions,0
37508,646710,KINGOLD JEWELRY INC,mayers jewelry company,0
15031,377348,KITTY HAWK INC,roger aviation company,0
24487,644320,KOEHRING COMPANY,fiebing company,0
22378,116443,KRAFTCO CORP,kraftsonix,0
23536,12450,L F E CORP,l s industries,0
9848,589606,LABORATORY CORP AMERICA HOLDINGS,manufacturing laboratories,0
8549,93,LAKELAND INDUSTRIES INC,lakeshore equipment company,0
43279,639290,LAPOLLA INDUSTRIES INC,lapchi,0
43279,119,LAPOLLA INDUSTRIES INC,lida,0
21084,234887,LASER INDUSTRIES LTD,laser motion systems,0
15538,19670,LASER POWER CORP,laser group,0
2721,225583,LASERMETRICS INC,laser data technology,0
46998,338626,LAW ENFORCEMENT ASSOCIATES CORP,the law enforcement company,0
2613,195572,LAWTER INTERNATIONAL INC,rule industries,0
11677,426331,LAYNE INC,doe run company,0
13117,283462,LAZER TRON CORP,laticorp,0
16283,16487,LEAP WIRELESS INTERNATIONAL INC,leap systems,0
12051,32992,LEASING SOLUTIONS INC,lease cost solutions,0
5687,158619,LEE DATA CORP,lee myles associates corporation,0
54202,428799,LEHIGH GAS PARTNERS L P,trunkline gas company,0
2638,512544,LEWIS ENERGY CORP,lewis copeland,0
21099,158,LIBERTY CORP SC,liberty fabrics,0
45301,19786,LIBERTY GLOBAL INC,liberty tex co,0
54995,587733,LIBERTY TRIPADVISOR HOLDINGS INC,peopvisitcom,0
2687,555011,LIBERTY UNITED BANCORP INC,liberty trust company,0
10593,119,LIDAK PHARMACEUTICALS,lida,0
6921,666030,LILY TULIP INC,anastasia lily,0
16363,314194,LINCOLN BANCORP IND,"lincoln first bank, n a",0
44815,63385,LIPMAN ELECTRONIC ENGINEERING LT,spellman high voltage electronics,0
15412,383416,LOGITECH INTERNATIONAL SA,logitek international,0
50000,555986,LORAL SPACE & COMMUNICATIONS INC,on ill anro communications,0
31623,182985,LORAL SPACE & COMMUNICATIONS LTD,loronix,0
40994,552875,LUMINENT INC,luminescence kft,0
15925,315863,LUNDIN OIL AB,imperial oil,0
52779,337365,M A P PHARMACEUTICALS INC,pharmafacts,0
37905,15717,M C F CORP,the m a c group,0
17214,4753,M C K COMMUNICATIONS,kingcom limited,0
16100,42086,M G C COMMUNICATIONS INC,m c communications,0
25677,190715,M G M U A ENTERTAINMENT COMPANY,musaholic entertainment,0
12778,288082,M H MEYERSON & COMPANY INC,david s gronik & company,0
54379,1237,M I C T INC,m t m enterprises,0
7151,406889,M M I MEDICAL INC,medizine,0
15244,17256,M P L C INC,m p c enterprises company,0
3035,285204,M R L INC,m e x p a r international,0
3053,143712,M S I DATA CORP,m s a d a services corporation,0
37506,5422,M S I HOLDINGS INC,m q h investments,0
5715,43748,M S M SYSTEMS INC,r e m s system,0
56179,558966,M V B FINANCIAL CORP,mfb doc,0
15384,256830,MACROVISION SOLUTIONS CORP,computervision corporation,0
12669,399833,MADDEN STEVEN LTD,fanantics,0
2906,643186,MAGNETIC HEAD CORP,headmagnetcom,0
2960,336030,MAGNETIC METALS COMPANY,magnetic systems,0
6536,56310,MAJOR VIDEO CORP,video projects company,0
11057,225150,MANAGED CARE SOLUTIONS INC,managed care software,0
3046,102331,MANAGEMENT SCIENCE AMERICA INC,science management corporation,0
38418,556927,MANDALAY MEDIA INC,mandalay development,0
24789,46195,MANPOWER INC,"productivity, inc (employer for hire)",0
21152,44098,MAPCO INC,u s. map corporation,0
54584,433122,MARCUS & MILLICHAP INC,marcus corporation (employer for hire),0
3031,106257,MARCUS CORP,"marcus brothers textiles, inc (employer for hire)",0
13166,132841,MARISA CHRISTINA INC,maria christina,0
5587,45590,MARK SYSTEMS INC,"mark securities,inc",0
13843,260742,MARTIN INDUSTRIES INC,martin creatics,0
21860,146731,MASSEY FERGUSON LTD,ferguson e peters company,0
18330,639199,MATRIXONE INC,"matrixcare, lc",0
5866,477262,MAXWELL TECHNOLOGIES INC,maxwell brothers,0
25335,61,MCINTOSH CORP,apple,0
10668,15854,MED CARE CORP,healthcare compr corporation,0
2845,31524,MED PAK CORP,medi-kard corporation,0
6237,64063,MED TECH PRODUCTS INC,medsolutions,0
11139,224423,MEDAPHIS CORP,medius corporation,0
17931,42086,MEDIACOM COMMUNICATIONS CORP,m c communications,0
15298,299352,MEDICAL MANAGER CORP,medical managment solutions,0
44901,318129,MEDICURE INC,mediquik,0
37495,143070,MEDIUM4 COM INC,medium4com,0
11623,276294,MEDRAD INC,medark,0
2983,155820,MENTOR CORP MINN,moving mentor,0
7233,118426,MERCURY ENTERTAINMENT CORP,mercury enterprises,0
56158,37330,MERIDIAN CORP,meridian textles,0
2144,321416,MERIT CORP,"merit products, division of whico mach company",0
21191,398214,MESA INC,mesa del sol,0
54084,228487,META PLATFORMS INC,metamorphics,0
54230,606127,METHES ENERGIES INTERNATIONAL LTD,peoples energy corporation,0
32157,12,METRO GOLDWYN MAYER INC,warner bros entertainment,0
3080,9567,METRO TELEPHONE CORP,telephone service company,0
30522,81435,METROGAS S A,gas energy,0
12467,19628,MICRO COMPONENT TECH INC,micro-media systems,0
6614,205959,MICRO GENERAL CORP,micro electronics,0
2804,582152,MICRODYNE CORP,micrologic associates,0
12444,106822,MICROPROBE CORP,micro engineering solutions,0
20057,391572,MID CONTINENT TEL CORP,mctc/mid-com telephone company,0
21203,64606,MIDWEST ENERGY COMPANY,energy worx,0
8017,257848,MIKRON INSTRUMENT COMPANY INC,fann instrument corporation,0
15244,340395,MILLBROOK PRESS INC,mill hill press,0
31741,323862,MILLENNIUM CHEMICALS INC,millennium 3 engineering,0
2797,188410,MILLER BROTHERS INDUSTRIES INC,"miller construction specialties, incorporated",0
16699,291623,MISSION CRITICAL SOFTWARE INC,missionquest,0
51429,415720,MIZUHO FINANCIAL GROUP INC,stanford financial group,0
21211,240400,MOBIL OIL CORP,mobile oil corporation,0
32104,87307,MOBILE  LTD,mobile mini,0
21224,235285,MORGAN STANLEY DEAN WITTER D & C,jpmorgan chase & co,0
3072,26515,MOTION INDUSTRIES INC,action industries,0
57765,177706,MOTORSPORT GAMES INC,i y. games company,0
58525,322077,MOVING IMAGE TECHNOLOGIES INC,movingimagecocom,0
25459,82,MUTZ CORP,ganz,0
3133,366979,N A B I BIOPHARMACEUTICALS,molecular bio-products,0
7783,286854,N A C RE CORP,n cubed co,0
21244,10558,N I P S C O INDUSTRIES INC,n a s,0
3204,509373,N L I CORP,n l t computer services corporation,0
11058,161613,N T L INC,n p l,0
11101,28238,N T N COMMUNICATIONS INC,network communications,0
21242,161613,N V R L P,n p l,0
12906,90156,N W H INC,n l b corporation,0
57644,592988,NANOBIOTIX S A,nano-hive,0
3134,44198,NATIONAL BANK DETROIT MICH,detroit & northern savings,0
2275,574663,NATIONAL BEEF PACKING,beef n bird,0
11264,316815,NATIONAL CITY BANCSHARES INC,first national equity corporation,0
3161,276436,NATIONAL DATA CORP,national data communications,0
7583,260058,NATIONAL ENTERPRISE BANK,enterprise bank,0
44394,1905,NATIONAL FINANCIAL PARTNERS CORP,the national underwriter company,0
54740,586651,NATIONAL GENERAL HOLDINGS CORP,general national enterprises,0
3189,422471,NATIONAL HARDGOODS DISTRS INC,national logistics management company,0
9196,36725,NATIONAL IMAGING INC,imaging technology solutions,0
16650,138501,NATIONAL INFORMATION CONSORTIUM INC,information research corporation,0
46108,280181,NATIONAL INTERSTATE CORP,interstate corporation,0
3276,41889,NATIONAL TECHNICAL SYS,national p t a,0
3269,230781,NATIONAL TERMS CORP,national management corporation,0
8738,601928,NATIONAL VIDEO INC,first national video,0
8738,583772,NATIONAL VIDEO INC,national video marketing systems,0
8314,340419,NAVIGATORS GROUP INC,navigator consulting,0
23058,660459,NEHI CORP,neff,0
45859,308113,NETCOM GROUP CORP H K LTD,the globecom group,0
43145,12656,NETFLIX INC,blockbuster entertainment corporation,0
43145,66201,NETFLIX INC,hulu,0
43145,232441,NETFLIX INC,roku,0
14152,115755,NETWORK APPLIANCE INC,netgear,0
11735,170700,NETWORKS ASSOCIATES INC,network strategies,0
3310,170561,NETWORKS ELECTRONICS CORP,data electronics,0
12420,325486,NEUREX CORP,neurx corporation,0
3183,220366,NEW FRONTIER PETE CORP,frontier printing,0
40150,323360,NEW SKIES SATELLITES N V,satellite systems (nz),0
21284,590854,NEWMARK & LEWIS INC,lnsmark,0
12804,361508,NEXAGEN INC,neutec corporation,0
7752,325555,NOBLE CORP PLC,noble ventures of virginia,0
16244,115755,NORTHEAST OPTIC NETWORK INC,netgear,0
21303,6678,NORTHROP GRUMMAN CORP,north atlantic industries,0
23114,422339,NORTHWEST INDUSTRIES INC,northwest marine technology,0
10000,563171,NOVEN PHARMACEUTICALS INC,cenorin,0
44691,586335,NPTEST HOLDING CORP,national broadcas[t]ing company,0
5337,261962,NU TECH INDUSTRIES CORP,nu comp systems,0
10069,393844,NUTRI PRODUCTS INC,nutranalysis,0
10069,592188,NUTRI PRODUCTS INC,nutri-link technologies,0
22122,115249,NUTRIEN LTD,nutri-vet,0
51430,30010,NYMEX HOLDINGS INC,united states trust company of new york,0
13489,38170,O C A INC,oac,0
15133,327840,OBJECTSOFT CORP,object software,0
17415,384429,OFFICIAL PAYMENTS CORP,business credit services,0
3361,316452,OKLAHOMA ENERGIES CORP,energy resources company,0
35278,235099,OMNOVA SOLUTIONS INC,omnipeace,0
15440,378795,ONSALE INC,onque technologies,0
51208,22693,OPEXA THERAPEUTICS INC,ino therapeutics,0
17518,28882,OPTIO SOFTWARE INC,brio software,0
58235,79502,ORGANON & COMPANY,ottomanson,0
3425,33176,OXFORD LABS,oxford industries,0
8763,347221,P C S INC,p s b enterprises,0
55458,255985,P D S BIOTECHNOLOGY CORP,p m g,0
3549,513623,P H H CORP,p h m i corporation,0
7655,513623,P M C INTERNATIONAL INC,p h m i corporation,0
3552,1168,P N B CORP,pbc international,0
9053,578564,P X R E CORP,p & e enterprises,0
9053,320756,P X R E GROUP LTD BERMUDA,p p g electronics company,0
37736,64027,PACIFIC CONTINENTAL CORP,pacific world corporation,0
7777,10132,PACIFIC PHARMACEUTICALS INC,pacific marketing international company,0
11194,364721,PACIFIC PHYSICIAN SERVICES INC,pacific par west,0
47022,345928,PACIFIC STATE BANCORP,pacific bancorporation & data systems,0
15900,359222,PACIFICHEALTH LABORATORIES INC,pacific healthcare solutions,0
32008,110762,PAMECO CORP,pamsco international,0
21866,641157,PARAMOUNT GLOBAL,global group,0
12530,659047,PATTERSON ENERGY INC,pattersons adventures,0
10564,145850,PAULSON CAPITAL DELAWARE CORP,delaware capital formation,0
3474,232881,PAYLESS CASHWAYS INC,cash flow solutions,0
17208,419835,PCTEL INC,pc communications,0
55925,234534,PEABODY ENERGY CORP,orion energy systems,0
24057,613380,PEABODY INTERNATIONAL CORP,peabody and co,0
11950,226817,PEOPLES BANCORP INC,"peoples national bank of mcleansboro (fairfield, il)",0
21387,421493,PERKIN ELMER CORP,perpmanent general assurance corporation,0
11257,182814,PERRIGO COMPANY PLC,perinote,0
16610,344402,PERSISTENCE SOFTWARE INC,syncware company,0
22761,151070,PET INC,pet center,0
15830,427853,PETROKAZAKHSTAN INC,pcz group,0
3529,509918,PETTIBONE CORP,pet cans,0
3558,382810,PHARMACAPS INC,"pharmacia & upjohn, ab",0
1783,14603,PHASE III MEDICAL INC,medical innovations corporation,0
55571,261236,PHASERX INC,genex corporation,0
9015,40267,PHYSICIANS REIMBURSMENT SVS INC,medi services,0
4202,246640,PIONEER ENERGY SERVICES CORP,residential energy services,0
7140,136573,PIONEER FINANCIAL CORP,landmark financial services,0
25154,329034,PLESSEY PLC,"siemens plessey systems, ptd",0
21425,98381,POLARIS INC,atlantic ultraviolet corporation,0
36353,268380,POLYAIR INTER PACK INC,interand corporation,0
11693,102682,POWERTEL U S A INC,powerphone,0
56683,653039,PRECISION BIOSCIENCES INC,precision innovation,0
3669,29084,PRECISION FILM CORP,precision productions,0
14815,298737,PRECISION RESPONSE CORP,response analysis corporation,0
6383,24078,PREFERRED HEALTH CARE LTD,preferred care,0
10225,24078,PREFERRED HOMECARE OF AMERICA INC,preferred care,0
44392,345146,PREMD INC,premet services,0
15311,117690,PREMIER RESEARCH WORLDWIDE LTD,research products corporation,0
57664,37314,PRESTO AUTOMATION INC,presto products company usa,0
8223,514693,PRIME CAPITAL CORP,global prime capital,0
15240,294507,PROCOM TECHNOLOGY INC,probotech,0
17143,573268,PROMOTIONS COM INC,promotions marketing network,0
54063,299922,PROOFPOINT INC,silverpoint,0
16077,659783,PROVANT INC,proconorg.,0
39141,360084,PUBLICIS S A,california publicom,0
35016,78,PULITZER INC,simon & schuster,0
1263,168588,PYXUS INTERNATIONAL INC,pyxis corporation,0
5904,192812,QUAREX INDUSTRIES INC,quatex,0
10827,170441,QUIDELORTHO CORP,quaero,0
43148,273864,QUINTON CARDIOLOGY SYSTEMS INC,quinton music,0
6137,204596,R J FINANCIAL COMPANY,rji capital corporation,0
55488,43040,R M R GROUP INC,the rp group,0
38459,305115,R T I SURGICAL INC,i r r c,0
56080,418269,R Y B EDUCATION INC,remedial education management,0
16138,586203,RAINBOW RENTALS INC,rainbows united,0
3788,6196,RAINBOW RESOURCES INC,rainbow sp.a.,0
16596,284524,RAMP NETWORKS INC,netserv,0
46887,565218,RECOM MANAGED SYSTEMS INC,recc,0
817,398501,RECREAMA INC,retiracorder company,0
21500,380325,REECE CORP,milwaukee,0
55410,216900,REGENXBIO INC,regeneron pharmaceuticals,0
10997,36202,REHABCARE CORP,comprehensive rehabilitation consultants,0
9936,242101,REHABILICARE INC,rehab at work,0
29863,332196,REINSURANCE GROUP OF AMERICA INC,i r m insurance,0
24107,556689,REIS ROBERT & COMPANY,ruys & company,0
9784,142568,RELATIONAL TECHNOLOGY INC,relational database systems,0
22980,340896,RELIABLE STORES CORP,the word store,0
26238,580063,REPAP ENTERPRISES INC,repathis,0
10594,511520,REPUBLIC INDUSTRIES INC,r a n manufacturing,0
7717,17,REPUBLIC PICTURES CORP DE,paramount pictures corporation,0
3820,589296,RESEARCH MEDICAL INC,medichem research,0
41062,362433,RESOURCES CONNECTION INC,resource communications group,0
53725,287279,RESPONSYS INC,resonetics,0
57008,114200,REVOLUTION MEDICINES INC,revolutionary products,0
22506,399091,REYNOLDS R J TOBACCO COMPANY,tom reynolds,0
3844,307424,RIAL OIL COMPANY,petro lith,0
22808,25267,RITTER INC,ritter boy,0
23222,94763,ROBERTSHAW CONTROLS COMPANY,kw control systems,0
15500,182560,RYANAIR HOLDINGS PLC,irish breeze limited,0
14653,16697,S 1 CORP,s harris & company,0
21649,223283,S B M INDUSTRIES INC,s c m corporation,0
14046,509548,S C P POOL CORP,aqua-star pools,0
56991,44390,S C V X CORP,v s c enterprises,0
53633,334286,S G O C O GROUP LTD,o s i,0
30835,318484,S G S THOMSON MICROELECTRONICS,e s c electronics corporation,0
21546,12450,S L INDUSTRIES INC,l s industries,0
6412,68758,S L M HOLDING CORP,s t s c,0
1276,141690,S M T E K INTERNATIONAL INC,s & k technology,0
4234,318328,S R I CORP,s c i-a g r a,0
39175,68758,S T E C INC,s t s c,0
12095,318328,S T N INC,s c i-a g r a,0
50871,322216,S X C HEALTH SOLUTIONS CORP,south central medical,0
31772,11268,SABRE GROUP HOLDINGS INC,compass group usa,0
6909,581821,SAFEGUARD PROTECTIVE SYS INC,securisitcom,0
53945,588529,SANCHEZ ENERGY CORP,sanchez computer associates,0
26047,423839,SANTA FE ENERGY RESOURCES INC,santa ana pueblo (nm),0
34759,589627,SAUER DANFOSS INC,schafer corporation,0
12021,605260,SAVOY PICTURES ENTERTAINMENT INC,gem film entertainment,0
21570,514173,SCANA CORP,scandura,0
4333,56004,SCHWARTZ BROTHERS INC,brothers u s a,0
24701,177150,SCIENTIFIC DATA SYS INC,scientific data management,0
7160,345994,SCIENTIFIC MICRO SYS INC,sys-10,0
6573,182913,SCOPAS TECHNOLOGY INC,ecaresoft,0
14146,591162,SCOPUS TECHNOLOGY INC,infodatum research,0
56112,643689,SEA LTD,sea saucer,0
55955,575536,SEACOR MARINE HOLDINGS INC,marine ventures,0
52764,155291,SEANERGY MARITIME HOLDINGS CORP,seaman corporation,0
21592,322864,SEARS ROEBUCK & COMPANY,sears bank and trust company,0
15593,208817,SECOND NATIONAL FINANCIAL CORP,guaranty national corporation,0
8754,361779,SECURITY FEDERAL SAVINGS BK MT,positive savings company,0
9660,183790,SECURITY FIRST CORP,first solutions,0
14653,345722,SECURITY FIRST NETWORK BNK KY,security national bank of kansas city,0
5356,105660,SECURITY TAG SYS INC,tag,0
25011,340440,SEDCO INC,semco systems,0
43166,376557,SEVION THERAPEUTICS INC,monarch pharmaceuticals,0
46445,414642,SHAMIR OPTICAL INDUSTRY LTD,ophthalmic instrument company,0
12240,559814,SHILOH INDUSTRIES INC,shiloh standing,0
59713,101828,SHIMMICK CORP,shelcore,0
9078,271051,SIGNAL CORP,signal research,0
55233,23113,SIGNATURE GROUP HOLDINGS INC,signature,0
4170,94027,SIGNETICS CORP,signilar,0
32013,11827,SILVERLEAF RESORTS INC,resort condominiums international,0
39175,592582,SIMPLE TECHNOLOGY INC,simpletech,0
21623,317955,SKYLINE CORP,skyline ventures,0
55398,105298,SKYLINE MEDICAL INC,triaxial medical,0
13142,431630,SKYSAT COMMUNICATIONS NETWRK CP,aerial communications group,0
14144,99715,SMART MODULAR TECHNOLOGIES INC,smartronics,0
53477,24049,SMART TECHNOLOGIES INC,smart innovations,0
21625,36300,SMITH A O CORP,smith & fong company,0
4169,402794,SNELLING & SNELLING INC,h michael snell,0
21630,13883,SNYDER OIL PARTNERS,the jordan companies,0
2689,649933,SNYDERS LANCE INC,ridge company,0
3965,229626,SOFTWARE AG INTERNATIONAL INC,o g c i software,0
7306,380011,SOFTWARE PUBLISHING CORP,software information systems,0
8248,3217,SOMATIX THERAPY CORP,soma international,0
8373,580408,SOMERSET BANKSHARES INC,lowell financial group,0
16040,623389,SONOSIGHT INC,sonointer,0
14296,577794,SOURCECORP INC,source,0
25857,233001,SOUTHERN AIRWAYS INC,southernair aviation,0
3987,16036,SOUTHERN BANCORPORATION AL,union planters national bank of memphis,0
4028,75,SOUTHWESTERN DRUG CORP,southwestern bell telephone company,0
4337,75,SOUTHWESTERN ELECTRIC SERVICE COMPANY,southwestern bell telephone company,0
4338,75,SOUTHWESTERN ENERGY COMPANY,southwestern bell telephone company,0
4343,75,SOUTHWESTERN LIFE CORP,southwestern bell telephone company,0
4817,254792,SOVRAN FINANCIAL CORP,northstar financial,0
2328,223445,SPECTRUM LABORATORIES INC,spectrum manufacturing,0
25580,435830,SPENCER FOODS INC,new york foods company,0
11734,24690,SPORTMART INC,sportsware,0
30503,6516,SPORTS CLUB INC,club z,0
6615,570525,SPORTS RESTAURANTS INC,sport-flex,0
15822,642305,SPORTSLINE USA INC,sportsationals,0
8175,334823,SPORTSMANS GUIDE INC,sportsmans outdoor enterprises,0
29674,287426,STANDARD PLATFORMS HOLDINGS PLC,standard exchange corporation,0
23286,102044,STANDARD RY EQUIP COMPANY,standard motor products,0
24181,5,STANDARD THOMSON CORP,thomson reuters global resources,0
21664,1351,STANLEY BLACK & DECKER INC,deckers outdoor corporation,0
53729,297790,STATE BANK FINANCIAL CORP,state street bank and trust company,0
21669,511316,STEPAN CHEMICAL COMPANY,mobay chemical corporation,0
7027,656899,STEREO VILLAGE INC,on sound s r i,0
10853,155737,STERION INC,the steanson company,0
44291,555011,STERLING BANK MOUNT LAUREL N J,liberty trust company,0
30973,567146,STERLING HSE CORP,sterling crown corporation,0
14997,647540,STORM TECHNOLOGY INC,"storm company, as",0
9543,351088,STRUCTURAL DYNAMICS RSCH CORP,s e a r c h,0
4288,289459,STRUTHERS INDUSTRIES INC,struthers-dunn,0
6412,582303,STUDENT LOAN MARKETING ASSN,loanlook,0
55208,638572,SUMMIT MATERIALS INC,summit funding,0
55208,665517,SUMMIT MATERIALS INC,summit metals service,0
45181,37835,SUN AMERICAN BANCORP,suntrust banks,0
21686,241855,SUN INC,sun control systems,0
21686,417827,SUN INC,sun-tech innovations,0
7457,269671,SUNAIR SERVICES CORP,sunsor,0
57977,171464,SUNRISE NEW ENERGY COMPANY LTD,sunrise resources,0
55396,238501,SUNRUN INC,sunflora,0
14904,15765,SUNTERRA CORP,sunco,0
4321,328769,SUPRADUR MANUFACTURING CORP,s n c manufacturing company,0
12154,638418,SUPREME INTERNATIONAL CORP,supreme commercial contracting,0
31840,229446,SWISHER INTERNATIONAL GROUP INC,swisher realty co,0
11088,269685,SYBASE INC,symatic,0
59529,226536,SYLA TECHNOLOGIES COMPANY LTD,symartec corporation,0
55127,297452,SYMMETRY SURGICAL INC,alpine surgical,0
15113,17489,SYMONS INTERNATIONAL CORP,syscon international,0
3288,647142,SYNCOR INTERNATIONAL CORP DE,syncsite,0
3243,311576,SYNERGY RENEWABLE RESOURCES INC,synergic resources corporation,0
11262,379114,SYQUEST TECHNOLOGY INC,intelliquest,0
20850,13056,SYSTEMS PLANNING CORP,computer systems consultants,0
15795,509640,T & W FINANCIAL CORP,w trock & associates,0
6075,367213,T B C CORP,b t. associates,0
13204,211940,T F FINANCIAL CORP,t e f manufacturing corporation,0
6587,230052,T H T LLOYDS INC,t p m s,0
44991,313960,T N S INC,t s. northland industries,0
11265,398678,T R M CORP,t & m equipment company,0
57362,56007,T W C TECH HOLDINGS II CORP,t w. m.,0
43617,661541,TAYLOR CAPITAL GROUP INC,taylor management group,0
14066,6713,TEGAL CORP,tek industries,0
21719,82135,TEKTRONIX INC,tekton corporation,0
4388,604909,TELE COMMUNICATIONS INC,tele[ge]nics,0
13419,29573,TELE MATIC CORP,teleflex incorporated,0
25926,407733,TELECONNECT COMPANY,telecom usa/teleconnect division,0
41010,120808,TELEFONICA MOVILES S A,telefind corporation,0
9387,296072,TELENETICS CORP,telelead corporation,0
25737,645107,TELERATE INC,telmore,0
53335,583410,TENAX THERAPEUTICS INC,force therapeutics,0
50872,326235,TENNESSEE COMMERCE BANCORP INC,"first tennessee bank, na",0
4377,166822,TEXAS AMERICAN RESOURCES INC,texand corporation,0
31610,1079,THERMOQUEST CORP,thermo king corporation,0
30937,181561,THERMOSPECTRA CORP,thermo systems technology,0
6953,641596,THIS CANT BE YOGURT,yogurtini,0
21747,5,THOMSON ADVISORY GROUP L P,thomson reuters global resources,0
8424,5,THOMSON CSF,thomson reuters global resources,0
21747,5,THOMSON MCKINNON ASSET MANAGEMENT,thomson reuters global resources,0
25545,273703,TIFFANY INDUSTRIES INC,draper daniels,0
9793,275414,TIMBERJACK CORP,conrad industries,0
24724,379933,TOOL RESH & ENGR,mechanical tool & engineering company,0
25937,590641,TRAID CORP,tracorp,0
4554,93,TRAILER EQUIPMENT DISTRS INC,lakeshore equipment company,0
52676,278957,TRANSITION THERAPEUTICS INC,resource transition consultants,0
8496,593338,TRANSNATIONAL INDUSTRIES INC,transpo industries,0
12529,101651,TRANSNATIONAL RE CORP,transpacific corporation,0
56246,6676,TRANSWORLD CORP DEL,trans leasing international,0
54303,558071,TRI POINTE HOMES INC,maybery homes,0
6897,75363,TRIBORO COMMUNICATIONS INC,tpg communications,0
25612,205978,TRICO INDUSTRIES INC,tri-chem,0
11417,145065,TRICONEX CORP,tricon metals & services,0
9620,200202,TRIUMPH CAPITAL INC,commodore capital,0
5926,361025,TRUSTCO BANK CORP NY,houston trust company,0
58170,90341,TUSIMPLE HOLDINGS INC,tucando,0
38471,408483,TVIA INC,tva incorporated,0
847,81729,TWENTIETH CENTURY CORP,pacific century international,0
21793,319537,U A L CORP,u p l company,0
4637,229814,U C CORP,u s-j v c corporation,0
11173,231209,U F BANCORP INC,united bancorporation,0
15179,275393,U O L PUBLISHING INC,u s a publishers,0
59553,253310,U POWER LTD,u o p,0
58613,252158,U S C B FINANCIAL HOLDINGS INC,united virginia bank,0
58613,333204,U S CENTURY BANK,u s. banklease corporation,0
11341,337020,U S F CORP,u s c c,0
57133,18347,UCLOUDLINK GROUP INC,online,0
4662,4743,ULTIMATE CORP,ultimate manufacturing,0
4667,638321,UNIMED INC,unicoom,0
21805,105924,UNION BAG & PAPER CORP,paper company,0
48780,37262,UNION DRILLING INC,united construction company,0
31842,319537,UNISOURCE WORLWIDE INC,u p l company,0
35056,266696,UNISTAR FINANCIAL SERVICE CORP,financial organization services,0
8927,92648,UNITED COMPANIES LIFE INSURANCE COMPANY,united pacific insurance company,0
11696,290350,UNITED FINANCIAL BANCORP INC,u s a a financial service company,0
21817,39981,UNITED FOODS INC,united services,0
8029,34476,UNITED INSURANCE COS INC,united/u a i,0
37750,117966,UNITED SECURITY BANCSHARES INC,united states secursystems,0
21795,377629,UNITED STATES STEEL CORP,union electric steel corporation,0
18436,31327,UNIVERSAL ACCESS INC,universal services of america,0
21838,31327,UNIVERSAL CORP,universal services of america,0
11720,44067,UNIVERSAL STANDARD MED LABS INC,universal medical instrument corporation,0
46287,12360,UNIVERSAL TRUCKLOAD SERVICES INC,universal systems,0
9246,370087,UNO RESTAURANT CORP,restaurant company of minnesota,0
56781,385283,UPHEALTH INC,healthhelp,0
16467,189112,USINTERNETWORKING INC,inet directories,0
15876,407432,USWEB CORP,webtongcom,0
18348,338190,UTSTARCOM HOLDINGS CORP,universum communications,0
24261,586320,V C A CORP,r c a corporation & k v c,0
24444,28465,V S I CORP,v s e corporation,0
57993,123818,VALLON PHARMACEUTICALS INC,valcom,0
5653,290896,VALUE ENGR COMPANY,engineering technology,0
13011,328137,VARI L INC,vari-care,0
39179,227287,VASTERA INC,altia,0
9430,592192,VELOCITY ASSET MANAGEMENT INC,marc j lane investment management,0
10302,313405,VENCOR INC,verco enterprises,0
16099,551538,VERIO INC,veroscience,0
14822,150671,VERSANT CORP,versah,0
7388,14186,VIDEO IMAGE,image video group,0
10696,222989,VIMRX PHARMACEUTICALS INC,briovarx,0
15035,46042,VIRGINIA GAS COMPANY,virginia company,0
11534,361101,VISTA EYECARE INC,quality vision associates,0
7143,4334,VISTA ORGANIZATION LTD,cal vista international,0
53941,37824,VITAL ENERGY INC,vital enterprises software,0
11247,209434,VTIESSE SEMICONDUCTOR CORP,varitronic systems,0
26246,261339,VULCAN INDUSTRIAL PACKAGING LTD,vulcan materials company,0
42654,345945,W G N B CORP,w w d enterprises,0
40218,64606,W H ENERGY SERVICES INC,energy worx,0
56283,555501,W H X CORP,w c group,0
5849,181187,W M I HOLDINGS CORP,b g m r w holdings,0
56867,658912,W M TECHNOLOGY INC,wmi corporation,0
7634,20668,W N S INC,w f i corporation,0
9646,65170,W P P PLC,w m p enterprises,0
45489,65170,W P T ENTERPRISES INC,w m p enterprises,0
9994,230693,W R P CORP,r w s international,0
5603,509070,W S M P INC,w i p,0
25681,640661,WALKER HIRAM RES LTD,walker macy,0
23428,12,WARNER COMPANY,warner bros entertainment,0
21886,12,WARNER LAMBERT COMPANY,warner bros entertainment,0
21886,57,WARNER LAMBERT COMPANY,warner brothers music,0
21886,12,WARNER LAMBERT PHARMACEUTICAL COMPANY,warner bros entertainment,0
5331,414468,WASHINGTON GROUP INTERNATIONAL INC,washington information group,0
12828,3748,WEBCO INDUSTRIES INC,cloudco,0
12828,36515,WEBCO INDUSTRIES INC,webcorp,0
43724,164403,WELLCHOICE INC,smartchoice industries,0
15186,326837,WEST CORP,west marketing services,0
4998,575039,WEST INC,empire west companies,0
9114,576016,WESTBRAE NATURAL INC,natural food products,0
46890,267493,WESTERN ALLIANCE BANCORPORATION,the westport bank & trust company,0
21917,10165,WHITEHALL ELECTRS CORP,eoriginal,0
22607,93323,WILSON & COMPANY INC,wilson jones company,0
24795,335604,WILSON PHARM & CHEM CORP,wilsonics group,0
11235,29294,WISDOMTREE INVESTMENTS INC,sage assets,0
25371,403866,WITTER DEAN ORGANIZATION INC,civicrm,0
27497,574142,WOODWARD GOVERNOR COMPANY,woodward associates,0
47222,392864,WORLDSPACE INC,chem-space associates,0
21939,322914,WORTHEN BANKING CORP,united jersey banks,0
4986,301637,WRITER CORP,writers resource group,0
5022,637317,WYMAN GORDON COMPANY,wynter gordon,0
4981,664725,WYOMING RESOURCES CORP,learing resources,0
9396,300630,X C L LTD,i t e x corporation,0
14370,231309,XETEL CORP,xtel,0
5030,567050,XOMOX CORP,x,0
13766,280112,YARDVILLE NATIONAL BANCORP,new england merchants national bank,0
44633,354599,ZHONE TECHNOLOGIES INC,zope corporation,0
10358,86029,ZIXIT CORP,zilog,0
7074,227643,ZYCAD CORP,zyware,0